TransactionID,TransactionAmt,ProductCD,card4,card6,P_emaildomain,R_emaildomain,DeviceType,DeviceInfo,RelativeHour
3459432,33.261,C,visa,debit,gmail.com,gmail.com,desktop,Missing,2
3459433,52.811,C,visa,debit,hotmail.fr,hotmail.fr,mobile,F3311,2
3459434,136.956,C,visa,debit,hotmail.com,hotmail.com,desktop,Windows,2
3459435,136.956,C,visa,debit,hotmail.com,hotmail.com,desktop,Windows,2
3459436,25.0,H,visa,debit,outlook.com,Missing,desktop,Windows,2
3459437,23.362,C,visa,credit,hotmail.com,hotmail.com,desktop,Windows,3
3459438,326.29,W,visa,debit,Missing,Missing,Missing,Missing,3
3459439,34.0,W,visa,debit,yahoo.com,Missing,Missing,Missing,3
3459440,50.0,W,visa,debit,aol.com,Missing,Missing,Missing,3
3459441,67.95,W,visa,debit,yahoo.com,Missing,Missing,Missing,3
3459442,24.0,W,mastercard,credit,Missing,Missing,Missing,Missing,3
3459443,30.248,C,visa,debit,hotmail.com,hotmail.com,mobile,SM-G610M Build/MMB29K,3
3459444,20.0,W,mastercard,credit,Missing,Missing,Missing,Missing,3
3459445,305.0,W,visa,credit,msn.com,Missing,Missing,Missing,3
3459446,21.948,C,visa,credit,hotmail.com,hotmail.com,desktop,Windows,3
3459447,47.95,W,visa,debit,gmail.com,Missing,Missing,Missing,3
3459448,58.95,W,visa,debit,yahoo.com,Missing,Missing,Missing,3
3459449,34.5,W,visa,debit,gmail.com,Missing,Missing,Missing,3
3459450,49.0,W,visa,debit,gmail.com,Missing,Missing,Missing,3
3459451,29.0,W,visa,debit,gmail.com,Missing,Missing,Missing,3
3459452,29.95,W,visa,debit,yahoo.com,Missing,Missing,Missing,3
3459453,54.5,W,visa,credit,gmail.com,Missing,Missing,Missing,3
3459454,46.5,W,visa,debit,gmail.com,Missing,Missing,Missing,3
3459455,31.95,W,visa,debit,gmail.com,Missing,Missing,Missing,3
3459456,206.0,W,mastercard,debit,Missing,Missing,Missing,Missing,3
3459457,58.95,W,visa,debit,gmail.com,Missing,Missing,Missing,3
3459458,100.0,R,visa,credit,yahoo.com,yahoo.com,mobile,iOS Device,3
3459459,32.97,W,mastercard,debit,gmail.com,Missing,Missing,Missing,3
3459460,28.773,C,mastercard,credit,hotmail.com,hotmail.com,desktop,Missing,3
3459461,35.95,W,mastercard,debit,gmail.com,Missing,Missing,Missing,3
3459462,10.329,C,mastercard,debit,hotmail.com,hotmail.com,mobile,Missing,3
3459463,57.95,W,visa,debit,yahoo.com,Missing,Missing,Missing,3
3459464,67.95,W,visa,debit,yahoo.com,Missing,Missing,Missing,3
3459465,25.95,W,visa,debit,hotmail.com,Missing,Missing,Missing,3
3459466,117.0,W,visa,debit,gmail.com,Missing,Missing,Missing,3
3459467,34.0,W,visa,debit,yahoo.com,Missing,Missing,Missing,3
3459468,49.0,W,visa,debit,gmail.com,Missing,Missing,Missing,3
3459469,191.0,W,visa,debit,hotmail.com,Missing,Missing,Missing,3
3459470,117.0,W,mastercard,debit,gmail.com,Missing,Missing,Missing,3
3459471,57.95,W,mastercard,debit,yahoo.com,Missing,Missing,Missing,3
3459472,13.0,W,visa,debit,gmail.com,Missing,Missing,Missing,3
3459473,31.232,C,mastercard,credit,anonymous.com,anonymous.com,desktop,Trident/7.0,3
3459474,201.95,W,mastercard,debit,gmail.com,Missing,Missing,Missing,3
3459475,117.0,W,visa,debit,gmail.com,Missing,Missing,Missing,3
3459476,150.0,W,visa,debit,yahoo.com,Missing,Missing,Missing,3
3459477,694.99,W,mastercard,credit,gmail.com,Missing,Missing,Missing,3
3459478,59.0,W,visa,debit,aol.com,Missing,Missing,Missing,3
3459479,117.0,W,mastercard,debit,gmail.com,Missing,Missing,Missing,3
3459480,59.0,W,visa,debit,Missing,Missing,Missing,Missing,3
3459481,23.055,C,visa,credit,gmail.com,gmail.com,desktop,Missing,3
3459482,47.0,W,mastercard,debit,hotmail.com,Missing,Missing,Missing,3
3459483,21.95,W,visa,credit,gmail.com,Missing,Missing,Missing,3
3459484,117.0,W,visa,debit,gmail.com,Missing,Missing,Missing,3
3459485,29.0,W,visa,debit,Missing,Missing,Missing,Missing,3
3459486,59.95,W,mastercard,debit,aol.com,Missing,Missing,Missing,3
3459487,48.95,W,visa,debit,aol.com,Missing,Missing,Missing,3
3459488,100.0,R,visa,credit,anonymous.com,yahoo.com,desktop,MacOS,3
3459489,73.0,W,mastercard,debit,aol.com,Missing,Missing,Missing,3
3459490,167.0,W,mastercard,debit,Missing,Missing,Missing,Missing,3
3459491,150.95,W,mastercard,debit,hotmail.com,Missing,Missing,Missing,3
3459492,59.0,W,mastercard,debit,gmail.com,Missing,Missing,Missing,3
3459493,59.0,W,visa,debit,Missing,Missing,Missing,Missing,3
3459494,20.95,W,visa,debit,gmail.com,Missing,Missing,Missing,3
3459495,107.95,W,mastercard,debit,gmail.com,Missing,Missing,Missing,3
3459496,117.0,W,mastercard,debit,aol.com,Missing,Missing,Missing,3
3459497,54.0,W,visa,debit,suddenlink.net,Missing,Missing,Missing,3
3459498,59.0,W,visa,debit,rocketmail.com,Missing,Missing,Missing,3
3459499,147.552,C,mastercard,debit,gmail.com,gmail.com,desktop,Windows,3
3459500,108.95,W,visa,debit,yahoo.com,Missing,Missing,Missing,3
3459501,20.95,W,visa,credit,gmail.com,Missing,Missing,Missing,4
3459502,117.0,W,visa,debit,yahoo.com,Missing,Missing,Missing,4
3459503,42.913,C,mastercard,credit,hotmail.com,hotmail.com,mobile,SM-G950F Build/NRD90M,4
3459504,147.552,C,visa,debit,gmail.com,gmail.com,desktop,Windows,4
3459505,57.95,W,visa,debit,icloud.com,Missing,Missing,Missing,4
3459506,31.95,W,mastercard,debit,gmail.com,Missing,Missing,Missing,4
3459507,59.636,C,mastercard,credit,hotmail.com,hotmail.com,desktop,Windows,4
3459508,98.5,W,mastercard,debit,gmail.com,Missing,Missing,Missing,4
3459509,555.53,W,visa,credit,gmail.com,Missing,Missing,Missing,4
3459510,59.636,C,mastercard,credit,hotmail.com,hotmail.com,desktop,Windows,4
3459511,209.95,W,visa,debit,gmail.com,Missing,Missing,Missing,4
3459512,103.95,W,visa,debit,yahoo.com,Missing,Missing,Missing,4
3459513,57.95,W,visa,debit,Missing,Missing,Missing,Missing,4
3459514,59.636,C,mastercard,credit,hotmail.com,hotmail.com,desktop,Windows,4
3459515,87.99,W,mastercard,debit,gmail.com,Missing,Missing,Missing,4
3459516,77.0,W,mastercard,debit,Missing,Missing,Missing,Missing,4
3459517,21.97,W,visa,debit,gmail.com,Missing,Missing,Missing,4
3459518,21.95,W,visa,debit,gmail.com,Missing,Missing,Missing,4
3459519,55.578,C,mastercard,credit,hotmail.com,hotmail.com,mobile,Missing,4
3459520,1090.0,W,visa,credit,yahoo.com,Missing,Missing,Missing,4
3459521,103.0,W,mastercard,debit,yahoo.com,Missing,Missing,Missing,4
3459522,125.0,R,mastercard,debit,aol.com,aol.com,mobile,iOS Device,4
3459523,26.252,C,mastercard,credit,hotmail.de,hotmail.de,mobile,Missing,4
3459524,31.601,C,visa,credit,yahoo.com.mx,yahoo.com.mx,desktop,Windows,4
3459525,117.0,W,visa,credit,Missing,Missing,Missing,Missing,4
3459526,117.0,W,visa,debit,gmail.com,Missing,Missing,Missing,4
3459527,6.332,C,visa,debit,gmail.com,gmail.com,Missing,Missing,4
3459528,44.88,C,visa,credit,hotmail.com,hotmail.com,desktop,Moto G (5) Build/NPP25.137-93,4
3459529,58.95,W,visa,debit,gmail.com,Missing,Missing,Missing,4
3459530,51.274,C,visa,credit,anonymous.com,anonymous.com,mobile,ASUS_X00ID,4
3459531,334.95,W,visa,debit,gmail.com,Missing,Missing,Missing,4
3459532,86.49,W,visa,debit,yahoo.com,Missing,Missing,Missing,4
3459533,83.95,W,visa,debit,gmail.com,Missing,Missing,Missing,4
3459534,31.601,C,visa,debit,hotmail.com,hotmail.com,mobile,SM-G610M Build/MMB29K,4
3459535,20.903,C,visa,credit,live.com.mx,live.com.mx,mobile,Moto Z2 Play Build/NPSS26.118-19-14,4
3459536,46.95,W,visa,debit,yahoo.com,Missing,Missing,Missing,4
3459537,2.644,C,mastercard,credit,gmail.com,gmail.com,desktop,Moto G (4) Build/NPJS25.93-14-10,4
3459538,200.95,W,visa,debit,yahoo.com.mx,Missing,Missing,Missing,4
3459539,6.332,C,visa,credit,hotmail.com,hotmail.com,Missing,Missing,4
3459540,47.95,W,mastercard,credit,sbcglobal.net,Missing,Missing,Missing,4
3459541,20.903,C,visa,credit,live.com.mx,live.com.mx,mobile,Moto Z2 Play Build/NPSS26.118-19-14,4
3459542,59.0,W,visa,debit,Missing,Missing,Missing,Missing,4
3459543,10.0,S,visa,debit,Missing,gmail.com,desktop,Missing,4
3459544,20.903,C,visa,credit,live.com.mx,live.com.mx,mobile,Moto Z2 Play Build/NPSS26.118-19-14,4
3459545,159.95,W,mastercard,credit,Missing,Missing,Missing,Missing,4
3459546,30.95,W,mastercard,debit,Missing,Missing,Missing,Missing,4
3459547,20.903,C,visa,credit,live.com.mx,live.com.mx,Missing,Missing,4
3459548,11.681,C,mastercard,debit,hotmail.com,hotmail.com,mobile,LG-D693n Build/LRX22G,4
3459549,15.95,W,mastercard,credit,yahoo.com,Missing,Missing,Missing,4
3459550,17.214,C,mastercard,debit,hotmail.com,hotmail.com,desktop,Windows,4
3459551,316.63,W,visa,debit,yahoo.com,Missing,Missing,Missing,4
3459552,2594.95,W,mastercard,credit,me.com,Missing,Missing,Missing,4
3459553,2594.95,W,mastercard,credit,me.com,Missing,Missing,Missing,4
3459554,47.708,C,visa,credit,hotmail.com,hotmail.com,mobile,Moto G Play Build/MPIS24.241-15.3-7,4
3459555,54.5,W,visa,debit,gmail.com,Missing,Missing,Missing,4
3459556,11.435,C,mastercard,credit,hotmail.fr,hotmail.fr,desktop,Missing,4
3459557,47.708,C,visa,credit,hotmail.com,hotmail.com,mobile,Moto G Play Build/MPIS24.241-15.3-7,5
3459558,108.95,W,mastercard,credit,aol.com,Missing,Missing,Missing,5
3459559,47.708,C,visa,credit,hotmail.com,hotmail.com,mobile,Moto G Play Build/MPIS24.241-15.3-7,5
3459560,319.95,W,mastercard,debit,Missing,Missing,Missing,Missing,5
3459561,108.95,W,visa,debit,yahoo.com,Missing,Missing,Missing,5
3459562,209.95,W,visa,debit,Missing,Missing,Missing,Missing,5
3459563,12.234,C,visa,debit,gmail.com,gmail.com,mobile,SM-J700M Build/MMB29K,5
3459564,27.0,W,visa,debit,att.net,Missing,Missing,Missing,5
3459565,57.95,W,visa,debit,Missing,Missing,Missing,Missing,5
3459566,75.45,W,visa,debit,gmail.com,Missing,Missing,Missing,5
3459567,98.95,W,mastercard,debit,yahoo.com,Missing,Missing,Missing,5
3459568,7.623,C,visa,debit,outlook.es,outlook.es,mobile,Missing,5
3459569,40.085,C,visa,credit,hotmail.com,hotmail.com,mobile,Moto G Play Build/MPIS24.241-15.3-7,5
3459570,39.0,W,visa,credit,yahoo.com,Missing,Missing,Missing,5
3459571,28.896,C,mastercard,debit,gmail.com,gmail.com,desktop,Missing,5
3459572,37.257,C,visa,credit,gmail.com,gmail.com,desktop,Windows,5
3459573,507.95,W,mastercard,debit,yahoo.com,Missing,Missing,Missing,5
3459574,21.641,C,visa,debit,gmail.com,gmail.com,mobile,XT1064 Build/MPB24.65-34-3,5
3459575,28.896,C,mastercard,debit,gmail.com,gmail.com,desktop,Missing,5
3459576,554.0,W,mastercard,debit,gmail.com,Missing,Missing,Missing,5
3459577,28.896,C,mastercard,debit,gmail.com,gmail.com,desktop,Missing,5
3459578,315.95,W,visa,debit,icloud.com,Missing,Missing,Missing,5
3459579,57.95,W,mastercard,debit,gmail.com,Missing,Missing,Missing,5
3459580,28.896,C,mastercard,debit,gmail.com,gmail.com,desktop,Missing,5
3459581,28.896,C,mastercard,credit,gmail.com,gmail.com,desktop,Missing,5
3459582,34.0,W,mastercard,credit,gmail.com,Missing,Missing,Missing,5
3459583,30.95,W,visa,debit,yahoo.com,Missing,Missing,Missing,5
3459584,34.0,W,visa,credit,gmail.com,Missing,Missing,Missing,5
3459585,15.0,W,mastercard,debit,gmail.com,Missing,Missing,Missing,5
3459586,57.95,W,visa,debit,gmail.com,Missing,Missing,Missing,5
3459587,47.95,W,visa,debit,yahoo.com,Missing,Missing,Missing,5
3459588,35.95,W,visa,debit,yahoo.com,Missing,Missing,Missing,5
3459589,25.95,W,visa,debit,yahoo.com,Missing,Missing,Missing,5
3459590,51.889,C,mastercard,debit,hotmail.com,hotmail.com,desktop,Moto G (5) Build/NPP25.137-82,5
3459591,117.0,W,mastercard,debit,gmail.com,Missing,Missing,Missing,5
3459592,184.95,W,visa,credit,gmail.com,Missing,Missing,Missing,5
3459593,87.95,W,visa,debit,msn.com,Missing,Missing,Missing,5
3459594,311.95,W,visa,debit,gmail.com,Missing,Missing,Missing,5
3459595,88.95,W,visa,debit,gmail.com,Missing,Missing,Missing,5
3459596,169.0,W,visa,debit,gmail.com,Missing,Missing,Missing,5
3459597,17.05,W,visa,debit,comcast.net,Missing,Missing,Missing,6
3459598,20.95,W,visa,debit,gmail.com,Missing,Missing,Missing,6
3459599,117.95,W,mastercard,debit,gmail.com,Missing,Missing,Missing,6
3459600,88.5,W,visa,debit,yahoo.com,Missing,Missing,Missing,6
3459601,68.95,W,visa,debit,yahoo.com,Missing,Missing,Missing,6
3459602,36.95,W,visa,debit,gmail.com,Missing,Missing,Missing,6
3459603,49.0,W,mastercard,debit,gmail.com,Missing,Missing,Missing,6
3459604,44.5,W,visa,debit,gmail.com,Missing,Missing,Missing,6
3459605,77.0,W,visa,debit,gmail.com,Missing,Missing,Missing,6
3459606,88.5,W,visa,debit,yahoo.com,Missing,Missing,Missing,6
3459607,39.0,W,visa,debit,yahoo.com,Missing,Missing,Missing,6
3459608,49.0,W,visa,debit,Missing,Missing,Missing,Missing,6
3459609,125.0,R,visa,debit,gmail.com,anonymous.com,desktop,Windows,6
3459610,50.0,R,visa,credit,gmail.com,gmail.com,desktop,MacOS,6
3459611,55.0,S,mastercard,debit,Missing,yahoo.com,desktop,Windows,6
3459612,18.99,W,visa,debit,gmail.com,Missing,Missing,Missing,6
3459613,209.95,W,visa,debit,gmail.com,Missing,Missing,Missing,6
3459614,44.5,W,visa,debit,yahoo.com,Missing,Missing,Missing,6
3459615,49.0,W,visa,debit,yahoo.com,Missing,Missing,Missing,6
3459616,335.0,W,visa,debit,gmail.com,Missing,Missing,Missing,6
3459617,335.0,W,visa,debit,Missing,Missing,Missing,Missing,6
3459618,335.0,W,visa,debit,gmail.com,Missing,Missing,Missing,6
3459619,107.95,W,mastercard,debit,outlook.com,Missing,Missing,Missing,6
3459620,34.306,C,mastercard,debit,hotmail.com,hotmail.com,desktop,Windows,6
3459621,49.0,W,visa,debit,yahoo.com,Missing,Missing,Missing,6
3459622,117.0,W,mastercard,debit,gmail.com,Missing,Missing,Missing,7
3459623,149.95,W,visa,debit,Missing,Missing,Missing,Missing,7
3459624,97.95,W,mastercard,credit,yahoo.com,Missing,Missing,Missing,7
3459625,39.0,W,visa,credit,hotmail.com,Missing,Missing,Missing,7
3459626,117.0,W,mastercard,debit,gmail.com,Missing,Missing,Missing,7
3459627,12.436,C,visa,debit,gmail.com,gmail.com,desktop,Windows,7
3459628,12.436,C,visa,debit,gmail.com,gmail.com,desktop,Windows,7
3459629,12.436,C,visa,debit,gmail.com,gmail.com,desktop,Windows,7
3459630,12.436,C,visa,debit,gmail.com,gmail.com,desktop,Windows,7
3459631,261.95,W,visa,debit,anonymous.com,Missing,Missing,Missing,7
3459632,188.0,W,visa,debit,yahoo.com,Missing,Missing,Missing,7
3459633,88.0,W,visa,debit,hotmail.com,Missing,Missing,Missing,7
3459634,129.95,W,visa,debit,gmail.com,Missing,Missing,Missing,7
3459635,12.436,C,visa,debit,gmail.com,gmail.com,desktop,Windows,7
3459636,159.95,W,visa,debit,Missing,Missing,Missing,Missing,8
3459637,59.0,W,visa,debit,yahoo.com,Missing,Missing,Missing,8
3459638,107.95,W,visa,debit,Missing,Missing,Missing,Missing,8
3459639,15.616,C,visa,debit,gmail.com,gmail.com,desktop,Windows,8
3459640,15.616,C,visa,debit,gmail.com,gmail.com,desktop,Windows,8
3459641,196.0,W,mastercard,debit,yahoo.com,Missing,Missing,Missing,8
3459642,336.58,W,mastercard,debit,gmail.com,Missing,Missing,Missing,8
3459643,57.95,W,visa,debit,anonymous.com,Missing,Missing,Missing,8
3459644,77.0,W,mastercard,debit,yahoo.com,Missing,Missing,Missing,9
3459645,336.58,W,mastercard,debit,gmail.com,Missing,Missing,Missing,9
3459646,102.99,W,mastercard,credit,yahoo.com,Missing,Missing,Missing,9
3459647,134.95,W,visa,debit,aol.com,Missing,Missing,Missing,9
3459648,57.95,W,visa,debit,gmail.com,Missing,Missing,Missing,9
3459649,34.0,W,visa,debit,yahoo.com,Missing,Missing,Missing,9
3459650,107.95,W,visa,debit,yahoo.com,Missing,Missing,Missing,9
3459651,27.97,W,visa,debit,gmail.com,Missing,Missing,Missing,9
3459652,2399.49,W,visa,debit,icloud.com,Missing,Missing,Missing,9
3459653,57.95,W,visa,debit,Missing,Missing,Missing,Missing,9
3459654,527.0,W,visa,debit,gmail.com,Missing,Missing,Missing,9
3459655,107.95,W,visa,debit,hotmail.com,Missing,Missing,Missing,9
3459656,104.0,W,visa,debit,gmail.com,Missing,Missing,Missing,9
3459657,59.0,W,mastercard,debit,Missing,Missing,Missing,Missing,9
3459658,50.0,H,visa,debit,gmail.com,gmail.com,desktop,Windows,9
3459659,87.95,W,visa,debit,gmail.com,Missing,Missing,Missing,10
3459660,47.95,W,visa,debit,gmail.com,Missing,Missing,Missing,10
3459661,25.0,H,mastercard,debit,yahoo.com,yahoo.com,Missing,Missing,10
3459662,72.99,W,discover,credit,gmail.com,Missing,Missing,Missing,10
3459663,842.0,W,visa,debit,gmail.com,Missing,Missing,Missing,10
3459664,59.0,W,visa,debit,Missing,Missing,Missing,Missing,10
3459665,107.95,W,visa,debit,yahoo.com,Missing,Missing,Missing,10
3459666,226.0,W,visa,debit,hotmail.com,Missing,Missing,Missing,10
3459667,35.95,W,mastercard,debit,gmail.com,Missing,Missing,Missing,10
3459668,445.0,W,visa,debit,gmail.com,Missing,Missing,Missing,10
3459669,42.95,W,visa,debit,gmail.com,Missing,Missing,Missing,10
3459670,445.0,W,visa,debit,outlook.com,Missing,Missing,Missing,10
3459671,445.0,W,visa,debit,outlook.com,Missing,Missing,Missing,10
3459672,100.0,H,visa,credit,frontier.com,gmail.com,mobile,iOS Device,10
3459673,95.0,S,mastercard,debit,Missing,icloud.com,desktop,Windows,10
3459674,445.0,W,visa,debit,outlook.com,Missing,Missing,Missing,10
3459675,72.0,W,visa,debit,Missing,Missing,Missing,Missing,10
3459676,117.0,W,mastercard,credit,yahoo.com,Missing,Missing,Missing,10
3459677,59.0,W,visa,debit,verizon.net,Missing,Missing,Missing,10
3459678,34.0,W,visa,credit,gmail.com,Missing,Missing,Missing,10
3459679,445.0,W,visa,debit,gmail.com,Missing,Missing,Missing,10
3459680,29.5,W,visa,debit,aol.com,Missing,Missing,Missing,10
3459681,445.0,W,visa,debit,gmail.com,Missing,Missing,Missing,10
3459682,98.95,W,mastercard,debit,gmail.com,Missing,Missing,Missing,10
3459683,445.0,W,visa,debit,outlook.com,Missing,Missing,Missing,10
3459684,201.0,W,visa,debit,Missing,Missing,Missing,Missing,10
3459685,265.99,W,mastercard,credit,comcast.net,Missing,Missing,Missing,10
3459686,22.502,C,mastercard,debit,gmail.com,gmail.com,mobile,RNE-L03 Build/HUAWEIRNE-L03,11
3459687,150.0,R,visa,credit,hotmail.com,gmail.com,desktop,Windows,11
3459688,57.95,W,visa,debit,yahoo.com,Missing,Missing,Missing,11
3459689,150.0,R,visa,credit,hotmail.com,gmail.com,desktop,Windows,11
3459690,49.0,W,mastercard,debit,sbcglobal.net,Missing,Missing,Missing,11
3459691,57.95,W,visa,debit,gmail.com,Missing,Missing,Missing,11
3459692,1961.0,W,visa,debit,yahoo.com,Missing,Missing,Missing,11
3459693,378.0,W,mastercard,debit,Missing,Missing,Missing,Missing,11
3459694,335.0,W,mastercard,debit,gmail.com,Missing,Missing,Missing,11
3459695,54.0,W,visa,debit,aol.com,Missing,Missing,Missing,11
3459696,50.0,W,visa,debit,yahoo.com,Missing,Missing,Missing,11
3459697,50.0,W,visa,debit,yahoo.com,Missing,Missing,Missing,11
3459698,43.528,C,mastercard,credit,gmail.com,gmail.com,mobile,RNE-L03 Build/HUAWEIRNE-L03,11
3459699,159.0,W,visa,debit,gmail.com,Missing,Missing,Missing,11
3459700,311.95,W,visa,debit,gmail.com,Missing,Missing,Missing,11
3459701,67.95,W,visa,debit,yahoo.com,Missing,Missing,Missing,11
3459702,117.0,W,mastercard,debit,aol.com,Missing,Missing,Missing,11
3459703,59.0,W,visa,debit,gmail.com,Missing,Missing,Missing,11
3459704,554.0,W,mastercard,debit,comcast.net,Missing,Missing,Missing,11
3459705,57.95,W,visa,debit,Missing,Missing,Missing,Missing,11
3459706,356.5,W,mastercard,debit,yahoo.com,Missing,Missing,Missing,11
3459707,17.829,C,visa,credit,gmail.com,gmail.com,mobile,LG-X210 Build/LMY47I,11
3459708,150.0,R,mastercard,debit,gmail.com,gmail.com,mobile,iOS Device,11
3459709,150.0,R,mastercard,debit,gmail.com,gmail.com,mobile,iOS Device,11
3459710,159.95,W,visa,debit,yahoo.com,Missing,Missing,Missing,11
3459711,150.0,R,mastercard,debit,gmail.com,gmail.com,mobile,iOS Device,11
3459712,150.0,R,mastercard,debit,gmail.com,gmail.com,mobile,iOS Device,11
3459713,107.95,W,mastercard,debit,Missing,Missing,Missing,Missing,11
3459714,107.95,W,mastercard,debit,gmail.com,Missing,Missing,Missing,11
3459715,150.0,R,mastercard,debit,gmail.com,gmail.com,mobile,iOS Device,11
3459716,59.0,W,mastercard,debit,Missing,Missing,Missing,Missing,11
3459717,150.0,R,mastercard,debit,gmail.com,gmail.com,mobile,iOS Device,11
3459718,49.0,W,mastercard,debit,Missing,Missing,Missing,Missing,11
3459719,117.0,W,mastercard,debit,yahoo.com,Missing,Missing,Missing,11
3459720,59.0,W,visa,debit,gmail.com,Missing,Missing,Missing,11
3459721,117.0,W,visa,credit,bellsouth.net,Missing,Missing,Missing,11
3459722,150.0,R,visa,credit,gmail.com,gmail.com,mobile,iOS Device,11
3459723,49.0,W,mastercard,debit,gmail.com,Missing,Missing,Missing,11
3459724,59.0,W,visa,debit,yahoo.com,Missing,Missing,Missing,11
3459725,57.95,W,visa,debit,anonymous.com,Missing,Missing,Missing,11
3459726,117.0,W,visa,credit,bellsouth.net,Missing,Missing,Missing,11
3459727,57.95,W,visa,debit,gmail.com,Missing,Missing,Missing,11
3459728,207.5,W,visa,debit,gmail.com,Missing,Missing,Missing,11
3459729,117.0,W,visa,credit,bellsouth.net,Missing,Missing,Missing,11
3459730,47.95,W,visa,debit,gmail.com,Missing,Missing,Missing,11
3459731,117.0,W,visa,credit,bellsouth.net,Missing,Missing,Missing,11
3459732,57.95,W,mastercard,debit,yahoo.com,Missing,Missing,Missing,11
3459733,57.95,W,visa,debit,Missing,Missing,Missing,Missing,11
3459734,117.0,W,visa,debit,bellsouth.net,Missing,Missing,Missing,11
3459735,117.0,W,visa,credit,yahoo.com,Missing,Missing,Missing,11
3459736,78.97,W,mastercard,debit,yahoo.com,Missing,Missing,Missing,11
3459737,45.5,W,mastercard,credit,gmail.com,Missing,Missing,Missing,11
3459738,1099.0,W,mastercard,credit,gmail.com,Missing,Missing,Missing,11
3459739,280.0,W,mastercard,credit,aol.com,Missing,Missing,Missing,11
3459740,295.0,W,mastercard,credit,Missing,Missing,Missing,Missing,11
3459741,117.0,W,discover,credit,bellsouth.net,Missing,Missing,Missing,11
3459742,200.0,R,american express,credit,anonymous.com,aol.com,desktop,Trident/7.0,11
3459743,54.5,W,visa,debit,yahoo.com,Missing,Missing,Missing,11
3459744,77.0,W,visa,debit,Missing,Missing,Missing,Missing,11
3459745,40.95,W,mastercard,debit,gmail.com,Missing,Missing,Missing,11
3459746,77.0,W,visa,debit,Missing,Missing,Missing,Missing,11
3459747,15.0,W,mastercard,debit,hotmail.com,Missing,Missing,Missing,11
3459748,24.0,W,mastercard,debit,gmail.com,Missing,Missing,Missing,11
3459749,77.0,W,visa,debit,Missing,Missing,Missing,Missing,11
3459750,59.0,W,mastercard,debit,Missing,Missing,Missing,Missing,11
3459751,25.95,W,visa,debit,Missing,Missing,Missing,Missing,11
3459752,200.0,R,american express,credit,anonymous.com,aol.com,desktop,Trident/7.0,11
3459753,32.215,C,visa,debit,gmail.com,gmail.com,mobile,SM-J700M Build/MMB29K,11
3459754,299.95,W,mastercard,debit,yahoo.com,Missing,Missing,Missing,11
3459755,77.0,W,visa,debit,gmail.com,Missing,Missing,Missing,12
3459756,57.95,W,visa,debit,Missing,Missing,Missing,Missing,12
3459757,151.0,W,visa,debit,outlook.com,Missing,Missing,Missing,12
3459758,312.95,W,visa,debit,Missing,Missing,Missing,Missing,12
3459759,50.0,R,mastercard,debit,yahoo.com,icloud.com,mobile,iOS Device,12
3459760,59.0,W,visa,debit,gmail.com,Missing,Missing,Missing,12
3459761,57.95,W,mastercard,debit,gmail.com,Missing,Missing,Missing,12
3459762,117.0,W,visa,debit,gmail.com,Missing,Missing,Missing,12
3459763,31.0,W,visa,debit,gmail.com,Missing,Missing,Missing,12
3459764,54.0,W,visa,debit,gmail.com,Missing,Missing,Missing,12
3459765,49.0,W,visa,debit,gmail.com,Missing,Missing,Missing,12
3459766,59.0,W,mastercard,debit,gmail.com,Missing,Missing,Missing,12
3459767,662.47,W,visa,debit,anonymous.com,Missing,Missing,Missing,12
3459768,49.0,W,visa,debit,aol.com,Missing,Missing,Missing,12
3459769,47.95,W,mastercard,debit,yahoo.com,Missing,Missing,Missing,12
3459770,77.0,W,mastercard,debit,gmail.com,Missing,Missing,Missing,12
3459771,26.0,W,visa,debit,yahoo.com,Missing,Missing,Missing,12
3459772,31.95,W,visa,debit,yahoo.com,Missing,Missing,Missing,12
3459773,29.0,W,visa,debit,gmail.com,Missing,Missing,Missing,12
3459774,103.95,W,visa,debit,gmail.com,Missing,Missing,Missing,12
3459775,107.95,W,mastercard,debit,gmail.com,Missing,Missing,Missing,12
3459776,1011.95,W,visa,debit,hotmail.com,Missing,Missing,Missing,12
3459777,25.0,H,mastercard,debit,gmail.com,gmail.com,desktop,Windows,12
3459778,57.95,W,mastercard,debit,Missing,Missing,Missing,Missing,12
3459779,35.95,W,visa,debit,gmail.com,Missing,Missing,Missing,12
3459780,39.0,W,visa,debit,comcast.net,Missing,Missing,Missing,12
3459781,117.0,W,mastercard,debit,gmail.com,Missing,Missing,Missing,12
3459782,160.5,W,mastercard,debit,gmail.com,Missing,Missing,Missing,12
3459783,27.297,C,mastercard,credit,yahoo.fr,yahoo.fr,mobile,SM-A520F Build/NRD90M,12
3459784,409.0,W,discover,credit,gmail.com,Missing,Missing,Missing,12
3459785,449.95,W,discover,debit,charter.net,Missing,Missing,Missing,12
3459786,335.0,W,visa,debit,gmail.com,Missing,Missing,Missing,12
3459787,115.0,W,mastercard,debit,Missing,Missing,Missing,Missing,12
3459788,105.95,W,mastercard,debit,yahoo.com,Missing,Missing,Missing,12
3459789,97.0,W,visa,debit,gmail.com,Missing,Missing,Missing,12
3459790,59.0,W,mastercard,credit,Missing,Missing,Missing,Missing,12
3459791,50.0,S,visa,debit,Missing,hotmail.com,desktop,Windows,12
3459792,350.0,R,visa,credit,anonymous.com,anonymous.com,desktop,Windows,12
3459793,226.0,W,visa,credit,aol.com,Missing,Missing,Missing,12
3459794,335.0,W,visa,debit,gmail.com,Missing,Missing,Missing,12
3459795,49.0,W,visa,debit,att.net,Missing,Missing,Missing,12
3459796,50.0,S,visa,debit,Missing,hotmail.com,desktop,Windows,12
3459797,82.0,W,visa,debit,yahoo.com,Missing,Missing,Missing,12
3459798,50.0,S,visa,debit,Missing,hotmail.com,desktop,Windows,12
3459799,226.0,W,mastercard,credit,aol.com,Missing,Missing,Missing,12
3459800,59.0,W,visa,debit,gmail.com,Missing,Missing,Missing,12
3459801,350.0,R,visa,credit,anonymous.com,anonymous.com,desktop,Windows,12
3459802,24.5,W,visa,debit,gmail.com,Missing,Missing,Missing,12
3459803,57.95,W,visa,debit,yahoo.com,Missing,Missing,Missing,12
3459804,100.0,R,mastercard,credit,hotmail.com,anonymous.com,desktop,Windows,12
3459805,100.0,H,mastercard,debit,gmail.com,gmail.com,mobile,SAMSUNG-SM-G925A Build/MMB29K,12
3459806,57.95,W,mastercard,debit,gmail.com,Missing,Missing,Missing,12
3459807,100.0,H,mastercard,debit,gmail.com,gmail.com,mobile,SAMSUNG-SM-G925A Build/MMB29K,12
3459808,100.0,H,mastercard,debit,gmail.com,gmail.com,mobile,SAMSUNG-SM-G925A Build/MMB29K,12
3459809,10.0,S,visa,credit,Missing,anonymous.com,desktop,Trident/7.0,12
3459810,39.0,W,mastercard,debit,msn.com,Missing,Missing,Missing,12
3459811,39.0,W,mastercard,debit,Missing,Missing,Missing,Missing,12
3459812,54.5,W,visa,debit,yahoo.com,Missing,Missing,Missing,12
3459813,57.95,W,visa,debit,anonymous.com,Missing,Missing,Missing,12
3459814,226.0,W,visa,debit,gmail.com,Missing,Missing,Missing,12
3459815,200.0,R,mastercard,credit,anonymous.com,anonymous.com,desktop,Windows,12
3459816,30.95,W,visa,debit,gmail.com,Missing,Missing,Missing,12
3459817,43.036,C,mastercard,debit,hotmail.com,hotmail.com,mobile,SM-G928G Build/NRD90M,12
3459818,34.0,W,mastercard,debit,gmail.com,Missing,Missing,Missing,12
3459819,49.0,W,visa,debit,yahoo.com,Missing,Missing,Missing,12
3459820,47.95,W,visa,debit,Missing,Missing,Missing,Missing,12
3459821,327.95,W,visa,debit,Missing,Missing,Missing,Missing,12
3459822,159.95,W,visa,credit,gmail.com,Missing,Missing,Missing,12
3459823,82.0,W,visa,debit,Missing,Missing,Missing,Missing,12
3459824,109.0,W,mastercard,credit,yahoo.com,Missing,Missing,Missing,12
3459825,201.0,W,mastercard,credit,anonymous.com,Missing,Missing,Missing,12
3459826,115.0,W,visa,debit,embarqmail.com,Missing,Missing,Missing,12
3459827,49.0,W,visa,debit,yahoo.com,Missing,Missing,Missing,12
3459828,107.95,W,visa,debit,Missing,Missing,Missing,Missing,12
3459829,29.203,C,visa,debit,gmail.com,gmail.com,desktop,rv:59.0,12
3459830,107.95,W,visa,debit,hotmail.com,Missing,Missing,Missing,12
3459831,92.0,W,visa,debit,yahoo.com,Missing,Missing,Missing,12
3459832,77.0,W,visa,debit,gmail.com,Missing,Missing,Missing,12
3459833,150.0,R,mastercard,credit,anonymous.com,comcast.net,desktop,MacOS,12
3459834,335.0,W,visa,debit,outlook.com,Missing,Missing,Missing,12
3459835,209.95,W,mastercard,debit,gmail.com,Missing,Missing,Missing,12
3459836,117.0,W,visa,debit,hotmail.com,Missing,Missing,Missing,12
3459837,34.0,W,visa,debit,gmail.com,Missing,Missing,Missing,12
3459838,330.99,W,visa,debit,outlook.com,Missing,Missing,Missing,12
3459839,39.0,W,visa,debit,gmail.com,Missing,Missing,Missing,12
3459840,310.0,S,american express,credit,Missing,yahoo.com,desktop,Windows,12
3459841,207.76,W,visa,debit,gmail.com,Missing,Missing,Missing,12
3459842,29.0,W,visa,debit,gmail.com,Missing,Missing,Missing,12
3459843,250.0,R,mastercard,debit,aol.com,anonymous.com,desktop,rv:11.0,12
3459844,66.95,W,visa,debit,hotmail.com,Missing,Missing,Missing,12
3459845,107.95,W,visa,debit,Missing,Missing,Missing,Missing,12
3459846,77.0,W,visa,debit,Missing,Missing,Missing,Missing,12
3459847,69.0,W,mastercard,debit,yahoo.com,Missing,Missing,Missing,12
3459848,554.0,W,visa,debit,gmail.com,Missing,Missing,Missing,12
3459849,57.95,W,visa,credit,yahoo.com,Missing,Missing,Missing,12
3459850,29.0,W,visa,debit,gmail.com,Missing,Missing,Missing,12
3459851,304.95,W,visa,credit,aol.com,Missing,Missing,Missing,12
3459852,100.0,S,american express,credit,Missing,anonymous.com,desktop,Missing,12
3459853,317.5,W,visa,debit,Missing,Missing,Missing,Missing,12
3459854,57.95,W,visa,debit,Missing,Missing,Missing,Missing,12
3459855,146.0,W,visa,debit,anonymous.com,Missing,Missing,Missing,12
3459856,117.0,W,visa,debit,yahoo.com,Missing,Missing,Missing,12
3459857,100.0,S,american express,credit,Missing,anonymous.com,desktop,Missing,12
3459858,58.95,W,mastercard,debit,Missing,Missing,Missing,Missing,12
3459859,15.0,W,visa,debit,gmail.com,Missing,Missing,Missing,13
3459860,57.95,W,visa,credit,yahoo.com,Missing,Missing,Missing,13
3459861,245.11,W,visa,debit,gmail.com,Missing,Missing,Missing,13
3459862,79.95,W,visa,credit,icloud.com,Missing,Missing,Missing,13
3459863,20.95,W,mastercard,debit,yahoo.com,Missing,Missing,Missing,13
3459864,57.95,W,visa,debit,yahoo.com,Missing,Missing,Missing,13
3459865,200.0,R,visa,credit,gmail.com,gmail.com,desktop,MacOS,13
3459866,35.95,W,visa,debit,Missing,Missing,Missing,Missing,13
3459867,69.0,W,mastercard,debit,yahoo.com,Missing,Missing,Missing,13
3459868,396.95,W,visa,debit,Missing,Missing,Missing,Missing,13
3459869,107.95,W,visa,credit,gmail.com,Missing,Missing,Missing,13
3459870,1099.99,W,mastercard,debit,bellsouth.net,Missing,Missing,Missing,13
3459871,87.95,W,visa,debit,gmail.com,Missing,Missing,Missing,13
3459872,49.0,W,visa,debit,gmail.com,Missing,Missing,Missing,13
3459873,20.95,W,visa,debit,Missing,Missing,Missing,Missing,13
3459874,160.5,W,visa,debit,yahoo.com,Missing,Missing,Missing,13
3459875,30.95,W,visa,debit,yahoo.com,Missing,Missing,Missing,13
3459876,107.95,W,visa,debit,gmail.com,Missing,Missing,Missing,13
3459877,29.757,C,visa,debit,gmail.com,gmail.com,desktop,Windows,13
3459878,25.0,S,mastercard,debit,Missing,hotmail.com,desktop,Windows,13
3459879,994.0,W,mastercard,credit,att.net,Missing,Missing,Missing,13
3459880,351.95,W,visa,debit,gmail.com,Missing,Missing,Missing,13
3459881,100.0,R,mastercard,credit,gmail.com,gmail.com,desktop,Windows,13
3459882,34.0,W,mastercard,debit,aol.com,Missing,Missing,Missing,13
3459883,15.247,C,visa,credit,gmail.com,gmail.com,mobile,SM-J510MN Build/MMB29M,13
3459884,69.0,W,mastercard,debit,yahoo.com,Missing,Missing,Missing,13
3459885,159.95,W,visa,credit,gmail.com,Missing,Missing,Missing,13
3459886,35.95,W,visa,debit,yahoo.com,Missing,Missing,Missing,13
3459887,15.247,C,visa,credit,gmail.com,gmail.com,mobile,SM-J510MN Build/MMB29M,13
3459888,25.95,W,visa,debit,gmail.com,Missing,Missing,Missing,13
3459889,226.0,W,visa,credit,att.net,Missing,Missing,Missing,13
3459890,34.0,W,visa,debit,yahoo.com,Missing,Missing,Missing,13
3459891,67.95,W,visa,credit,hotmail.com,Missing,Missing,Missing,13
3459892,15.247,C,visa,credit,gmail.com,gmail.com,mobile,SM-J510MN Build/MMB29M,13
3459893,431.05,W,visa,debit,Missing,Missing,Missing,Missing,13
3459894,64.0,W,visa,debit,gmail.com,Missing,Missing,Missing,13
3459895,107.95,W,mastercard,debit,gmail.com,Missing,Missing,Missing,13
3459896,994.0,W,mastercard,debit,aol.com,Missing,Missing,Missing,13
3459897,167.0,W,visa,debit,gmail.com,Missing,Missing,Missing,13
3459898,524.95,W,visa,debit,Missing,Missing,Missing,Missing,13
3459899,107.95,W,visa,debit,gmail.com,Missing,Missing,Missing,13
3459900,852.97,W,visa,debit,gmail.com,Missing,Missing,Missing,13
3459901,20.5,W,visa,debit,gmail.com,Missing,Missing,Missing,13
3459902,49.0,W,visa,debit,hotmail.com,Missing,Missing,Missing,13
3459903,24.5,W,mastercard,debit,gmail.com,Missing,Missing,Missing,13
3459904,186.0,W,mastercard,debit,aol.com,Missing,Missing,Missing,13
3459905,34.5,W,visa,credit,anonymous.com,Missing,Missing,Missing,13
3459906,59.0,W,visa,debit,gmail.com,Missing,Missing,Missing,13
3459907,47.95,W,mastercard,debit,gmail.com,Missing,Missing,Missing,13
3459908,54.5,W,mastercard,debit,aol.com,Missing,Missing,Missing,13
3459909,15.247,C,visa,credit,gmail.com,gmail.com,mobile,SM-J510MN Build/MMB29M,13
3459910,112.5,W,visa,debit,verizon.net,Missing,Missing,Missing,13
3459911,117.0,W,visa,credit,gmail.com,Missing,Missing,Missing,13
3459912,39.0,W,visa,debit,gmail.com,Missing,Missing,Missing,13
3459913,804.95,W,visa,credit,gmail.com,Missing,Missing,Missing,13
3459914,171.0,W,mastercard,debit,Missing,Missing,Missing,Missing,13
3459915,171.0,W,visa,debit,anonymous.com,Missing,Missing,Missing,13
3459916,432.95,W,visa,debit,Missing,Missing,Missing,Missing,13
3459917,390.0,W,visa,credit,hotmail.com,Missing,Missing,Missing,13
3459918,15.247,C,visa,credit,gmail.com,gmail.com,mobile,SM-J510MN Build/MMB29M,13
3459919,524.95,W,mastercard,credit,hotmail.com,Missing,Missing,Missing,13
3459920,36.95,W,mastercard,debit,Missing,Missing,Missing,Missing,13
3459921,117.0,W,visa,debit,aol.com,Missing,Missing,Missing,13
3459922,107.95,W,visa,debit,gmail.com,Missing,Missing,Missing,13
3459923,47.95,W,mastercard,debit,gmail.com,Missing,Missing,Missing,13
3459924,44.5,W,visa,credit,aol.com,Missing,Missing,Missing,13
3459925,18.075,C,mastercard,debit,gmail.com,gmail.com,mobile,SM-G610M Build/MMB29K,13
3459926,97.0,W,visa,debit,gmail.com,Missing,Missing,Missing,13
3459928,378.0,W,visa,credit,hotmail.com,Missing,Missing,Missing,13
3459927,75.0,S,visa,credit,Missing,icloud.com,desktop,Windows,13
3459929,57.95,W,mastercard,debit,gmail.com,Missing,Missing,Missing,13
3459930,117.0,W,visa,debit,gmail.com,Missing,Missing,Missing,13
3459931,97.0,W,visa,debit,aol.com,Missing,Missing,Missing,13
3459932,134.95,W,visa,debit,hotmail.com,Missing,Missing,Missing,13
3459933,424.95,W,visa,debit,gmail.com,Missing,Missing,Missing,13
3459934,201.0,W,visa,debit,gmail.com,Missing,Missing,Missing,13
3459935,15.247,C,visa,credit,gmail.com,gmail.com,mobile,SM-J510MN Build/MMB29M,13
3459936,25.95,W,mastercard,debit,Missing,Missing,Missing,Missing,13
3459937,117.0,W,mastercard,debit,gmail.com,Missing,Missing,Missing,13
3459938,30.95,W,visa,debit,gmail.com,Missing,Missing,Missing,13
3459939,77.95,W,visa,debit,gmail.com,Missing,Missing,Missing,13
3459940,107.95,W,visa,debit,gmail.com,Missing,Missing,Missing,13
3459941,139.95,W,mastercard,debit,anonymous.com,Missing,Missing,Missing,13
3459942,57.95,W,visa,debit,yahoo.com,Missing,Missing,Missing,13
3459943,57.95,W,visa,debit,gmail.com,Missing,Missing,Missing,13
3459944,1782.95,W,visa,debit,aol.com,Missing,Missing,Missing,13
3459945,29.0,W,visa,debit,gmail.com,Missing,Missing,Missing,13
3459946,226.0,W,mastercard,credit,anonymous.com,Missing,Missing,Missing,13
3459947,255.0,W,visa,credit,att.net,Missing,Missing,Missing,13
3459948,69.0,W,mastercard,debit,yahoo.com,Missing,Missing,Missing,13
3459949,325.22,W,visa,credit,gmail.com,Missing,Missing,Missing,13
3459950,97.95,W,visa,debit,gmail.com,Missing,Missing,Missing,13
3459951,59.0,W,mastercard,debit,gmail.com,Missing,Missing,Missing,13
3459952,47.95,W,mastercard,debit,gmail.com,Missing,Missing,Missing,13
3459953,209.95,W,visa,debit,anonymous.com,Missing,Missing,Missing,13
3459954,57.95,W,mastercard,debit,gmail.com,Missing,Missing,Missing,13
3459955,108.95,W,visa,debit,Missing,Missing,Missing,Missing,13
3459956,4.97,W,visa,debit,yahoo.com,Missing,Missing,Missing,13
3459957,57.95,W,visa,debit,Missing,Missing,Missing,Missing,13
3459958,47.0,W,visa,debit,aol.com,Missing,Missing,Missing,13
3459959,100.0,W,mastercard,debit,hotmail.com,Missing,Missing,Missing,13
3459960,444.95,W,mastercard,debit,att.net,Missing,Missing,Missing,13
3459961,34.5,W,visa,debit,gmail.com,Missing,Missing,Missing,13
3459962,20.0,S,visa,debit,Missing,gmail.com,mobile,P008 Build/NRD90M,13
3459963,1104.0,W,mastercard,credit,yahoo.com,Missing,Missing,Missing,13
3459964,49.0,W,visa,debit,comcast.net,Missing,Missing,Missing,13
3459965,100.0,R,visa,debit,mac.com,mac.com,mobile,iOS Device,13
3459966,209.95,W,mastercard,debit,live.com,Missing,Missing,Missing,13
3459967,361.95,W,visa,debit,Missing,Missing,Missing,Missing,13
3459968,144.99,W,mastercard,debit,frontiernet.net,Missing,Missing,Missing,13
3459969,54.5,W,visa,debit,yahoo.com,Missing,Missing,Missing,13
3459970,59.0,W,mastercard,debit,outlook.com,Missing,Missing,Missing,13
3459971,746.69,W,visa,credit,yahoo.com,Missing,Missing,Missing,13
3459972,335.0,W,visa,debit,aol.com,Missing,Missing,Missing,13
3459973,82.95,W,mastercard,debit,yahoo.com,Missing,Missing,Missing,13
3459974,59.0,W,visa,debit,Missing,Missing,Missing,Missing,13
3459975,634.0,W,visa,debit,gmail.com,Missing,Missing,Missing,13
3459976,117.0,W,mastercard,debit,aol.com,Missing,Missing,Missing,13
3459977,82.95,W,mastercard,debit,gmail.com,Missing,Missing,Missing,13
3459978,59.0,W,visa,credit,Missing,Missing,Missing,Missing,13
3459979,30.95,W,mastercard,debit,gmail.com,Missing,Missing,Missing,13
3459980,70.95,W,visa,debit,Missing,Missing,Missing,Missing,13
3459981,150.0,R,visa,debit,yahoo.com,yahoo.com,mobile,SAMSUNG SM-G955U Build/NRD90M,13
3459982,30.95,W,mastercard,debit,gmail.com,Missing,Missing,Missing,13
3459983,218.0,W,visa,debit,gmail.com,Missing,Missing,Missing,13
3459984,108.95,W,visa,debit,yahoo.es,Missing,Missing,Missing,14
3459985,35.95,W,visa,debit,gmail.com,Missing,Missing,Missing,14
3459986,141.0,W,visa,debit,Missing,Missing,Missing,Missing,14
3459987,171.0,W,visa,debit,yahoo.com,Missing,Missing,Missing,14
3459988,124.95,W,visa,debit,gmail.com,Missing,Missing,Missing,14
3459989,30.95,W,visa,debit,yahoo.com,Missing,Missing,Missing,14
3459990,500.0,R,visa,debit,anonymous.com,anonymous.com,Missing,Missing,14
3459991,222.95,W,visa,debit,gmail.com,Missing,Missing,Missing,14
3459992,43.97,W,mastercard,debit,yahoo.com,Missing,Missing,Missing,14
3459993,141.0,W,visa,debit,Missing,Missing,Missing,Missing,14
3459994,200.0,R,visa,debit,gmail.com,verizon.net,desktop,Windows,14
3459995,59.0,W,visa,debit,Missing,Missing,Missing,Missing,14
3459996,27.97,W,visa,debit,gmail.com,Missing,Missing,Missing,14
3459997,57.95,W,mastercard,debit,gmail.com,Missing,Missing,Missing,14
3459998,600.0,R,mastercard,credit,anonymous.com,anonymous.com,desktop,Trident/7.0,14
3459999,107.95,W,mastercard,debit,gmail.com,Missing,Missing,Missing,14
3460000,124.97,W,mastercard,debit,yahoo.com,Missing,Missing,Missing,14
3460001,92.0,W,mastercard,debit,Missing,Missing,Missing,Missing,14
3460002,335.0,W,visa,debit,hotmail.com,Missing,Missing,Missing,14
3460003,57.95,W,visa,debit,gmail.com,Missing,Missing,Missing,14
3460004,59.0,W,mastercard,debit,Missing,Missing,Missing,Missing,14
3460005,49.0,W,visa,debit,yahoo.com,Missing,Missing,Missing,14
3460006,47.95,W,mastercard,debit,gmail.com,Missing,Missing,Missing,14
3460007,87.0,W,mastercard,debit,Missing,Missing,Missing,Missing,14
3460008,117.0,W,mastercard,credit,Missing,Missing,Missing,Missing,14
3460009,29.0,W,visa,debit,Missing,Missing,Missing,Missing,14
3460010,127.95,W,visa,debit,Missing,Missing,Missing,Missing,14
3460011,3163.95,W,visa,debit,hotmail.com,Missing,Missing,Missing,14
3460012,49.0,W,visa,debit,gmail.com,Missing,Missing,Missing,14
3460013,59.0,W,visa,credit,gmail.com,Missing,Missing,Missing,14
3460014,59.0,W,visa,debit,aol.com,Missing,Missing,Missing,14
3460015,159.95,W,mastercard,debit,gmail.com,Missing,Missing,Missing,14
3460016,55.0,W,mastercard,debit,yahoo.com,Missing,Missing,Missing,14
3460017,107.95,W,mastercard,debit,gmail.com,Missing,Missing,Missing,14
3460018,3000.0,W,visa,debit,hotmail.com,Missing,Missing,Missing,14
3460019,108.95,W,mastercard,debit,gmail.com,Missing,Missing,Missing,14
3460020,226.0,W,visa,debit,gmail.com,Missing,Missing,Missing,14
3460021,59.0,W,visa,debit,Missing,Missing,Missing,Missing,14
3460022,107.95,W,visa,debit,msn.com,Missing,Missing,Missing,14
3460023,28.158,C,mastercard,debit,anonymous.com,anonymous.com,Missing,Missing,14
3460024,100.0,H,visa,debit,gmail.com,gmail.com,desktop,Windows,14
3460025,59.0,W,visa,credit,gmail.com,Missing,Missing,Missing,14
3460026,47.95,W,visa,debit,gmail.com,Missing,Missing,Missing,14
3460027,117.0,W,visa,debit,gmail.com,Missing,Missing,Missing,14
3460028,107.95,W,mastercard,debit,gmail.com,Missing,Missing,Missing,14
3460029,34.0,W,mastercard,debit,anonymous.com,Missing,Missing,Missing,14
3460030,107.95,W,visa,credit,anonymous.com,Missing,Missing,Missing,14
3460031,39.0,W,visa,debit,gmail.com,Missing,Missing,Missing,14
3460032,57.95,W,mastercard,credit,gmail.com,Missing,Missing,Missing,14
3460033,29.0,W,visa,debit,gmail.com,Missing,Missing,Missing,14
3460034,59.0,W,visa,debit,gmail.com,Missing,Missing,Missing,14
3460036,29.0,W,visa,debit,gmail.com,Missing,Missing,Missing,14
3460035,108.95,W,visa,debit,q.com,Missing,Missing,Missing,14
3460037,57.95,W,visa,debit,Missing,Missing,Missing,Missing,14
3460038,107.95,W,visa,debit,yahoo.com,Missing,Missing,Missing,14
3460039,49.0,W,visa,debit,gmail.com,Missing,Missing,Missing,14
3460040,117.0,W,visa,debit,verizon.net,Missing,Missing,Missing,14
3460041,117.0,W,visa,debit,gmail.com,Missing,Missing,Missing,14
3460042,59.0,W,visa,debit,yahoo.com,Missing,Missing,Missing,14
3460043,100.0,R,visa,credit,anonymous.com,anonymous.com,desktop,Windows,14
3460044,240.0,W,mastercard,credit,anonymous.com,Missing,Missing,Missing,14
3460045,1782.95,W,visa,debit,sbcglobal.net,Missing,Missing,Missing,14
3460046,107.95,W,mastercard,debit,Missing,Missing,Missing,Missing,14
3460047,171.0,W,visa,debit,hotmail.com,Missing,Missing,Missing,14
3460048,194.0,W,visa,debit,anonymous.com,Missing,Missing,Missing,14
3460049,100.0,R,visa,credit,ymail.com,anonymous.com,desktop,Windows,14
3460050,117.0,W,mastercard,credit,gmail.com,Missing,Missing,Missing,14
3460051,240.0,W,visa,debit,anonymous.com,Missing,Missing,Missing,14
3460052,107.95,W,visa,debit,Missing,Missing,Missing,Missing,14
3460053,25.95,W,mastercard,debit,gmail.com,Missing,Missing,Missing,14
3460054,77.95,W,visa,debit,gmail.com,Missing,Missing,Missing,14
3460055,77.95,W,visa,debit,yahoo.com,Missing,Missing,Missing,14
3460056,39.0,W,mastercard,debit,gmail.com,Missing,Missing,Missing,14
3460057,47.217,C,mastercard,debit,hotmail.com,hotmail.com,desktop,Trident/7.0,14
3460058,47.95,W,visa,debit,gmail.com,Missing,Missing,Missing,14
3460059,30.0,S,visa,credit,Missing,aol.com,desktop,Windows,14
3460060,115.0,W,visa,debit,verizon.net,Missing,Missing,Missing,14
3460061,30.95,W,mastercard,debit,yahoo.com,Missing,Missing,Missing,14
3460062,57.95,W,visa,debit,yahoo.com,Missing,Missing,Missing,14
3460063,117.0,W,visa,debit,anonymous.com,Missing,Missing,Missing,14
3460064,29.0,W,visa,debit,gmail.com,Missing,Missing,Missing,14
3460065,26.191,C,visa,debit,gmail.com,gmail.com,mobile,SM-J710MN Build/MMB29K,14
3460066,141.0,W,discover,credit,Missing,Missing,Missing,Missing,14
3460067,25.0,S,mastercard,credit,Missing,gmail.com,desktop,Windows,14
3460068,100.0,R,american express,credit,gmail.com,charter.net,desktop,Windows,14
3460069,100.0,H,visa,credit,gmail.com,gmail.com,desktop,Windows,14
3460070,82.95,W,visa,debit,Missing,Missing,Missing,Missing,14
3460071,107.95,W,visa,debit,yahoo.com,Missing,Missing,Missing,14
3460072,48.97,W,mastercard,debit,gmail.com,Missing,Missing,Missing,14
3460073,141.0,W,visa,debit,anonymous.com,Missing,Missing,Missing,14
3460074,103.0,W,visa,credit,gmail.com,Missing,Missing,Missing,14
3460075,100.0,R,mastercard,credit,anonymous.com,anonymous.com,desktop,Trident/7.0,14
3460076,117.0,W,mastercard,debit,gmail.com,Missing,Missing,Missing,14
3460077,59.0,W,visa,debit,gmail.com,Missing,Missing,Missing,14
3460078,59.0,W,visa,debit,gmail.com,Missing,Missing,Missing,14
3460079,100.0,R,mastercard,credit,anonymous.com,anonymous.com,desktop,Trident/7.0,14
3460080,250.0,R,visa,credit,gmail.com,me.com,desktop,Windows,14
3460081,146.0,W,mastercard,debit,verizon.net,Missing,Missing,Missing,14
3460082,107.95,W,visa,debit,anonymous.com,Missing,Missing,Missing,14
3460083,49.0,W,mastercard,credit,netzero.net,Missing,Missing,Missing,14
3460084,120.65,W,mastercard,debit,msn.com,Missing,Missing,Missing,14
3460085,29.0,W,visa,debit,gmail.com,Missing,Missing,Missing,14
3460086,26.191,C,visa,debit,hotmail.com,hotmail.com,mobile,LG-H500 Build/LRX21Y,14
3460087,378.0,W,visa,credit,hotmail.com,Missing,Missing,Missing,14
3460088,12.296,C,mastercard,debit,gmail.com,gmail.com,mobile,SAMSUNG SM-A720F Build/NRD90M,14
3460089,100.0,R,visa,debit,hotmail.com,hotmail.com,desktop,rv:11.0,14
3460090,73.97,W,visa,debit,anonymous.com,Missing,Missing,Missing,14
3460091,53.97,W,visa,debit,yahoo.com,Missing,Missing,Missing,14
3460092,90.0,W,visa,debit,anonymous.com,Missing,Missing,Missing,14
3460093,10.0,S,mastercard,debit,Missing,gmail.com,desktop,MacOS,14
3460094,97.0,W,visa,debit,Missing,Missing,Missing,Missing,14
3460095,318.5,W,mastercard,debit,Missing,Missing,Missing,Missing,14
3460096,34.0,W,mastercard,debit,Missing,Missing,Missing,Missing,14
3460097,1052.0,W,mastercard,debit,bellsouth.net,Missing,Missing,Missing,14
3460098,49.0,W,visa,debit,gmail.com,Missing,Missing,Missing,14
3460099,57.95,W,visa,debit,gmail.com,Missing,Missing,Missing,14
3460100,171.0,W,visa,debit,Missing,Missing,Missing,Missing,14
3460101,49.0,W,visa,credit,centurylink.net,Missing,Missing,Missing,14
3460102,34.0,W,visa,debit,gmail.com,Missing,Missing,Missing,14
3460103,226.0,W,visa,credit,gmail.com,Missing,Missing,Missing,14
3460104,141.0,W,discover,credit,Missing,Missing,Missing,Missing,14
3460105,226.0,W,visa,debit,anonymous.com,Missing,Missing,Missing,14
3460106,97.0,W,visa,debit,Missing,Missing,Missing,Missing,14
3460107,171.0,W,visa,debit,anonymous.com,Missing,Missing,Missing,14
3460108,59.0,W,mastercard,debit,Missing,Missing,Missing,Missing,14
3460109,432.95,W,mastercard,debit,aol.com,Missing,Missing,Missing,14
3460110,159.95,W,mastercard,debit,aol.com,Missing,Missing,Missing,14
3460111,59.0,W,visa,debit,gmail.com,Missing,Missing,Missing,14
3460112,47.0,W,mastercard,credit,yahoo.com,Missing,Missing,Missing,14
3460113,117.0,W,visa,debit,gmail.com,Missing,Missing,Missing,14
3460114,75.0,H,mastercard,credit,yahoo.com,gmail.com,mobile,iOS Device,14
3460115,108.95,W,visa,debit,gmail.com,Missing,Missing,Missing,14
3460116,75.0,H,mastercard,credit,yahoo.com,gmail.com,mobile,iOS Device,14
3460117,49.0,W,visa,debit,gmail.com,Missing,Missing,Missing,14
3460118,75.0,H,mastercard,credit,yahoo.com,gmail.com,mobile,iOS Device,14
3460119,59.0,W,visa,debit,Missing,Missing,Missing,Missing,14
3460120,200.0,R,mastercard,credit,gmail.com,anonymous.com,desktop,MacOS,14
3460121,141.0,W,visa,debit,Missing,Missing,Missing,Missing,14
3460122,152.95,W,mastercard,credit,aol.com,Missing,Missing,Missing,14
3460123,75.0,H,mastercard,credit,yahoo.com,gmail.com,mobile,iOS Device,14
3460124,107.95,W,visa,debit,gmail.com,Missing,Missing,Missing,14
3460125,308.5,W,visa,debit,yahoo.com,Missing,Missing,Missing,14
3460126,100.0,R,visa,credit,anonymous.com,anonymous.com,desktop,Trident/7.0,14
3460127,844.95,W,visa,credit,Missing,Missing,Missing,Missing,14
3460128,200.0,R,visa,credit,anonymous.com,hotmail.com,desktop,Windows,14
3460129,107.95,W,visa,debit,gmail.com,Missing,Missing,Missing,14
3460130,57.95,W,visa,debit,charter.net,Missing,Missing,Missing,14
3460131,200.0,R,visa,credit,anonymous.com,hotmail.com,desktop,Windows,14
3460132,113.0,W,visa,debit,hotmail.com,Missing,Missing,Missing,14
3460133,57.95,W,mastercard,debit,yahoo.com,Missing,Missing,Missing,14
3460134,64.37,C,mastercard,credit,hotmail.com,hotmail.com,desktop,Missing,14
3460135,92.0,W,visa,debit,Missing,Missing,Missing,Missing,14
3460136,25.95,W,visa,debit,gmail.com,Missing,Missing,Missing,14
3460137,107.95,W,visa,debit,gmail.com,Missing,Missing,Missing,14
3460138,161.0,W,visa,debit,Missing,Missing,Missing,Missing,14
3460139,57.95,W,visa,debit,att.net,Missing,Missing,Missing,14
3460140,39.0,W,visa,debit,gmail.com,Missing,Missing,Missing,14
3460141,8.751,C,visa,debit,gmail.com,gmail.com,mobile,Redmi,14
3460142,69.95,W,visa,debit,icloud.com,Missing,Missing,Missing,14
3460143,107.95,W,visa,debit,gmail.com,Missing,Missing,Missing,14
3460144,117.0,W,mastercard,debit,gmail.com,Missing,Missing,Missing,14
3460145,42.0,W,visa,debit,att.net,Missing,Missing,Missing,14
3460146,151.0,W,visa,debit,Missing,Missing,Missing,Missing,14
3460147,34.0,W,mastercard,debit,gmail.com,Missing,Missing,Missing,14
3460148,166.99,W,visa,debit,comcast.net,Missing,Missing,Missing,14
3460149,57.95,W,visa,credit,yahoo.com,Missing,Missing,Missing,14
3460150,6.763,C,visa,debit,hotmail.com,hotmail.com,mobile,Missing,14
3460151,201.0,W,mastercard,credit,hotmail.com,Missing,Missing,Missing,14
3460152,149.95,W,visa,debit,yahoo.com,Missing,Missing,Missing,14
3460153,200.0,R,american express,credit,yahoo.com,yahoo.com,desktop,MacOS,14
3460154,143.0,W,visa,credit,Missing,Missing,Missing,Missing,14
3460155,209.95,W,mastercard,credit,Missing,Missing,Missing,Missing,14
3460156,150.0,R,visa,credit,gmail.com,gmail.com,desktop,Windows,14
3460157,524.95,W,mastercard,debit,gmail.com,Missing,Missing,Missing,14
3460158,39.0,W,mastercard,credit,gmail.com,Missing,Missing,Missing,14
3460159,52.95,W,mastercard,credit,anonymous.com,Missing,Missing,Missing,14
3460160,171.0,W,visa,debit,mail.com,Missing,Missing,Missing,14
3460161,97.0,W,visa,debit,yahoo.com,Missing,Missing,Missing,14
3460162,100.0,R,visa,credit,anonymous.com,anonymous.com,desktop,Trident/7.0,15
3460163,300.0,R,visa,credit,suddenlink.net,gmail.com,Missing,Missing,15
3460164,67.95,W,visa,debit,yahoo.com,Missing,Missing,Missing,15
3460165,97.95,W,visa,debit,gmail.com,Missing,Missing,Missing,15
3460166,226.0,W,visa,debit,gmail.com,Missing,Missing,Missing,15
3460167,59.0,W,visa,debit,icloud.com,Missing,Missing,Missing,15
3460168,57.95,W,visa,debit,yahoo.com,Missing,Missing,Missing,15
3460169,175.0,R,discover,credit,gmail.com,anonymous.com,desktop,Windows,15
3460170,35.95,W,mastercard,debit,Missing,Missing,Missing,Missing,15
3460171,15.0,W,visa,debit,gmail.com,Missing,Missing,Missing,15
3460172,159.95,W,visa,debit,hotmail.com,Missing,Missing,Missing,15
3460173,77.957,C,mastercard,credit,yahoo.com,yahoo.com,Missing,Missing,15
3460174,92.0,W,mastercard,debit,yahoo.com,Missing,Missing,Missing,15
3460175,209.95,W,visa,debit,yahoo.com,Missing,Missing,Missing,15
3460176,31.5,W,visa,debit,gmail.com,Missing,Missing,Missing,15
3460177,209.95,W,visa,debit,gmail.com,Missing,Missing,Missing,15
3460178,171.0,W,visa,debit,gmail.com,Missing,Missing,Missing,15
3460179,479.95,W,visa,debit,gmail.com,Missing,Missing,Missing,15
3460180,77.957,C,mastercard,credit,yahoo.com,yahoo.com,Missing,Missing,15
3460181,16.661,C,mastercard,debit,hotmail.com,hotmail.com,desktop,Windows,15
3460182,1632.2,W,visa,debit,gmail.com,Missing,Missing,Missing,15
3460183,49.0,W,visa,debit,gmail.com,Missing,Missing,Missing,15
3460184,54.0,W,visa,debit,gmail.com,Missing,Missing,Missing,15
3460185,427.95,W,visa,debit,gmail.com,Missing,Missing,Missing,15
3460186,7.808,C,mastercard,credit,outlook.es,outlook.es,mobile,SM-G530H Build/KTU84P,15
3460187,108.95,W,mastercard,debit,yahoo.com,Missing,Missing,Missing,15
3460188,3163.95,W,visa,debit,hotmail.com,Missing,Missing,Missing,15
3460189,9.591,C,mastercard,credit,hotmail.fr,hotmail.fr,desktop,Missing,15
3460190,370.02,W,mastercard,debit,gmail.com,Missing,Missing,Missing,15
3460191,25.0,S,visa,debit,Missing,gmail.com,desktop,Windows,15
3460192,49.0,W,visa,debit,gmail.com,Missing,Missing,Missing,15
3460193,107.95,W,visa,debit,gmail.com,Missing,Missing,Missing,15
3460194,78.97,W,visa,debit,gmail.com,Missing,Missing,Missing,15
3460195,36.5,W,visa,debit,aol.com,Missing,Missing,Missing,15
3460196,107.95,W,visa,debit,aol.com,Missing,Missing,Missing,15
3460197,117.0,W,visa,debit,aol.com,Missing,Missing,Missing,15
3460198,107.95,W,visa,debit,icloud.com,Missing,Missing,Missing,15
3460199,100.0,R,visa,debit,gmail.com,anonymous.com,mobile,iOS Device,15
3460200,14.694,C,visa,debit,hotmail.com,hotmail.com,mobile,XT1032 Build/LPBS23.13-56-2,15
3460201,62.95,W,visa,debit,Missing,Missing,Missing,Missing,15
3460202,22.133,C,mastercard,credit,gmail.com,gmail.com,desktop,Windows,15
3460203,107.95,W,mastercard,credit,gmail.com,Missing,Missing,Missing,15
3460204,30.95,W,visa,debit,gmail.com,Missing,Missing,Missing,15
3460205,160.95,W,mastercard,credit,yahoo.com,Missing,Missing,Missing,15
3460206,29.203,C,mastercard,debit,hotmail.com,hotmail.com,mobile,Missing,15
3460207,77.0,W,mastercard,credit,gmail.com,Missing,Missing,Missing,15
3460208,18.95,W,visa,debit,yahoo.com,Missing,Missing,Missing,15
3460209,159.0,W,visa,debit,att.net,Missing,Missing,Missing,15
3460210,22.133,C,mastercard,credit,gmail.com,gmail.com,desktop,Windows,15
3460211,171.0,W,visa,debit,verizon.net,Missing,Missing,Missing,15
3460212,49.0,W,mastercard,debit,Missing,Missing,Missing,Missing,15
3460213,58.95,W,mastercard,debit,gmail.com,Missing,Missing,Missing,15
3460214,55.95,W,mastercard,debit,gmail.com,Missing,Missing,Missing,15
3460215,39.95,W,discover,credit,icloud.com,Missing,Missing,Missing,15
3460216,382.0,W,mastercard,debit,Missing,Missing,Missing,Missing,15
3460217,22.748,C,mastercard,credit,hotmail.com,hotmail.com,desktop,Windows,15
3460218,2919.17,W,visa,debit,gmail.com,Missing,Missing,Missing,15
3460219,25.95,W,visa,debit,outlook.com,Missing,Missing,Missing,15
3460220,107.95,W,visa,debit,Missing,Missing,Missing,Missing,15
3460221,49.0,W,mastercard,debit,gmail.com,Missing,Missing,Missing,15
3460222,30.0,H,discover,credit,gmail.com,gmail.com,desktop,Windows,15
3460223,34.0,W,visa,credit,hotmail.com,Missing,Missing,Missing,15
3460224,73.43,W,visa,debit,hotmail.com,Missing,Missing,Missing,15
3460225,59.0,W,mastercard,credit,gmail.com,Missing,Missing,Missing,15
3460226,226.0,W,visa,debit,Missing,Missing,Missing,Missing,15
3460227,35.95,W,visa,debit,yahoo.com,Missing,Missing,Missing,15
3460228,388.0,W,visa,debit,gmail.com,Missing,Missing,Missing,15
3460229,97.0,W,visa,debit,yahoo.com,Missing,Missing,Missing,15
3460230,255.0,W,mastercard,credit,gmail.com,Missing,Missing,Missing,15
3460231,1364.95,W,visa,debit,outlook.com,Missing,Missing,Missing,15
3460232,276.96,W,visa,credit,Missing,Missing,Missing,Missing,15
3460233,56.5,W,visa,credit,yahoo.com,Missing,Missing,Missing,15
3460234,97.0,W,visa,credit,yahoo.com,Missing,Missing,Missing,15
3460235,226.0,W,visa,debit,sbcglobal.net,Missing,Missing,Missing,15
3460236,884.0,W,visa,debit,anonymous.com,Missing,Missing,Missing,15
3460237,171.0,W,visa,debit,gmail.com,Missing,Missing,Missing,15
3460238,47.95,W,visa,debit,gmail.com,Missing,Missing,Missing,15
3460239,57.95,W,visa,debit,gmail.com,Missing,Missing,Missing,15
3460240,59.0,W,mastercard,debit,gmail.com,Missing,Missing,Missing,15
3460241,59.0,W,mastercard,credit,gmail.com,Missing,Missing,Missing,15
3460242,57.95,W,visa,debit,Missing,Missing,Missing,Missing,15
3460243,107.95,W,visa,debit,gmail.com,Missing,Missing,Missing,15
3460244,35.95,W,visa,debit,gmail.com,Missing,Missing,Missing,15
3460245,86.95,W,mastercard,debit,hotmail.com,Missing,Missing,Missing,15
3460246,394.92,W,mastercard,credit,gmail.com,Missing,Missing,Missing,15
3460247,77.0,W,visa,debit,Missing,Missing,Missing,Missing,15
3460248,49.0,W,visa,debit,gmail.com,Missing,Missing,Missing,15
3460249,97.0,W,visa,credit,yahoo.com,Missing,Missing,Missing,15
3460250,95.663,C,visa,debit,gmail.com,gmail.com,mobile,Missing,15
3460251,117.0,W,visa,debit,hotmail.com,Missing,Missing,Missing,15
3460252,29.0,W,visa,debit,gmail.com,Missing,Missing,Missing,15
3460253,77.0,W,visa,debit,me.com,Missing,Missing,Missing,15
3460254,442.55,W,visa,credit,gmail.com,Missing,Missing,Missing,15
3460255,57.95,W,visa,credit,Missing,Missing,Missing,Missing,15
3460256,33.95,W,mastercard,debit,gmail.com,Missing,Missing,Missing,15
3460257,53.97,W,visa,debit,anonymous.com,Missing,Missing,Missing,15
3460258,75.0,R,american express,credit,anonymous.com,anonymous.com,desktop,MacOS,15
3460259,117.0,W,visa,debit,gmail.com,Missing,Missing,Missing,15
3460260,75.0,R,american express,credit,anonymous.com,anonymous.com,desktop,MacOS,15
3460261,335.0,W,visa,debit,gmail.com,Missing,Missing,Missing,15
3460262,44.0,W,mastercard,debit,gmail.com,Missing,Missing,Missing,15
3460263,442.55,W,visa,credit,gmail.com,Missing,Missing,Missing,15
3460264,351.09,W,visa,credit,Missing,Missing,Missing,Missing,15
3460265,171.0,W,mastercard,debit,Missing,Missing,Missing,Missing,15
3460266,35.95,W,visa,debit,gmail.com,Missing,Missing,Missing,15
3460267,107.95,W,mastercard,credit,hotmail.com,Missing,Missing,Missing,15
3460268,26.95,W,visa,debit,gmail.com,Missing,Missing,Missing,15
3460269,200.0,R,american express,credit,anonymous.com,anonymous.com,desktop,MacOS,15
3460271,59.0,W,visa,debit,gmail.com,Missing,Missing,Missing,15
3460270,77.0,W,visa,credit,yahoo.com,Missing,Missing,Missing,15
3460272,209.95,W,mastercard,credit,comcast.net,Missing,Missing,Missing,15
3460273,67.95,W,visa,credit,aol.com,Missing,Missing,Missing,15
3460274,39.95,W,visa,debit,hotmail.com,Missing,Missing,Missing,15
3460275,134.95,W,visa,debit,gmail.com,Missing,Missing,Missing,15
3460276,59.0,W,visa,debit,yahoo.com,Missing,Missing,Missing,15
3460277,14.509,C,visa,credit,gmail.com,gmail.com,desktop,Windows,15
3460278,107.95,W,visa,debit,yahoo.com,Missing,Missing,Missing,15
3460279,105.95,W,visa,debit,yahoo.com,Missing,Missing,Missing,15
3460280,97.0,W,visa,debit,gmail.com,Missing,Missing,Missing,15
3460281,57.95,W,mastercard,credit,Missing,Missing,Missing,Missing,15
3460282,50.0,H,visa,credit,anonymous.com,outlook.com,desktop,Windows,15
3460283,42.95,W,visa,debit,gmail.com,Missing,Missing,Missing,15
3460284,77.0,W,visa,credit,yahoo.com,Missing,Missing,Missing,15
3460285,53.97,W,visa,debit,yahoo.com,Missing,Missing,Missing,15
3460286,47.34,C,mastercard,debit,gmail.com,gmail.com,desktop,Missing,15
3460287,724.95,W,mastercard,credit,yahoo.com,Missing,Missing,Missing,15
3460288,54.5,W,mastercard,credit,aol.com,Missing,Missing,Missing,15
3460289,50.0,H,visa,credit,anonymous.com,outlook.com,desktop,Windows,15
3460290,200.0,R,mastercard,debit,anonymous.com,gmail.com,mobile,iOS Device,15
3460291,107.95,W,visa,debit,gmail.com,Missing,Missing,Missing,15
3460292,107.95,W,mastercard,debit,gmail.com,Missing,Missing,Missing,15
3460293,97.0,W,visa,debit,gmail.com,Missing,Missing,Missing,15
3460294,365.0,W,mastercard,debit,aol.com,Missing,Missing,Missing,15
3460295,29.0,W,visa,debit,gmail.com,Missing,Missing,Missing,15
3460296,50.0,H,visa,credit,anonymous.com,outlook.com,desktop,Windows,15
3460297,29.0,W,visa,debit,gmail.com,Missing,Missing,Missing,15
3460298,26.191,C,visa,credit,gmail.com,gmail.com,desktop,Windows,15
3460299,58.97,W,visa,debit,Missing,Missing,Missing,Missing,15
3460300,117.0,W,mastercard,debit,msn.com,Missing,Missing,Missing,15
3460301,26.191,C,mastercard,credit,gmail.com,gmail.com,desktop,Windows,15
3460302,55.95,W,mastercard,credit,yahoo.com,Missing,Missing,Missing,15
3460303,26.191,C,visa,credit,gmail.com,gmail.com,desktop,Windows,15
3460304,1364.95,W,visa,debit,outlook.com,Missing,Missing,Missing,15
3460305,57.95,W,visa,debit,msn.com,Missing,Missing,Missing,15
3460306,26.191,C,mastercard,debit,gmail.com,gmail.com,desktop,Windows,15
3460307,117.0,W,visa,debit,gmail.com,Missing,Missing,Missing,15
3460308,75.0,H,mastercard,credit,hotmail.com,anonymous.com,desktop,rv:58.0,15
3460309,226.0,W,mastercard,debit,anonymous.com,Missing,Missing,Missing,15
3460310,44.95,W,mastercard,debit,yahoo.com,Missing,Missing,Missing,15
3460311,614.0,W,visa,debit,yahoo.com,Missing,Missing,Missing,15
3460312,59.0,W,visa,debit,yahoo.com,Missing,Missing,Missing,15
3460313,26.191,C,visa,credit,gmail.com,gmail.com,desktop,Windows,15
3460314,311.95,W,visa,debit,Missing,Missing,Missing,Missing,15
3460315,26.191,C,mastercard,credit,gmail.com,gmail.com,desktop,Windows,15
3460316,59.0,W,mastercard,debit,Missing,Missing,Missing,Missing,15
3460317,100.0,R,visa,credit,anonymous.com,anonymous.com,desktop,Trident/7.0,15
3460318,14.755,C,mastercard,debit,gmail.com,gmail.com,desktop,Missing,15
3460319,107.95,W,mastercard,debit,yahoo.com,Missing,Missing,Missing,15
3460320,34.0,W,visa,debit,aol.com,Missing,Missing,Missing,15
3460321,26.191,C,mastercard,credit,gmail.com,gmail.com,desktop,Windows,15
3460322,117.0,W,visa,debit,yahoo.com,Missing,Missing,Missing,15
3460323,255.0,W,visa,debit,gmail.com,Missing,Missing,Missing,15
3460324,51.95,W,visa,debit,yahoo.com,Missing,Missing,Missing,15
3460325,55.0,W,visa,debit,gmail.com,Missing,Missing,Missing,15
3460326,554.0,W,mastercard,debit,aol.com,Missing,Missing,Missing,15
3460327,44.0,W,mastercard,debit,Missing,Missing,Missing,Missing,15
3460328,2452.95,W,mastercard,debit,gmail.com,Missing,Missing,Missing,15
3460329,4.795,C,visa,debit,hotmail.com,hotmail.com,desktop,Moto G (4) Build/NPJ25.93-14.7,15
3460330,129.95,W,visa,credit,gmail.com,Missing,Missing,Missing,15
3460331,77.0,W,mastercard,credit,Missing,Missing,Missing,Missing,15
3460332,107.95,W,visa,debit,gmail.com,Missing,Missing,Missing,15
3460333,30.0,H,visa,debit,anonymous.com,gmail.com,mobile,iOS Device,15
3460334,50.0,R,visa,debit,cox.net,gmail.com,desktop,Windows,15
3460335,35.95,W,mastercard,debit,gmail.com,Missing,Missing,Missing,15
3460336,49.0,W,mastercard,debit,anonymous.com,Missing,Missing,Missing,15
3460337,21.95,W,visa,debit,yahoo.com,Missing,Missing,Missing,15
3460338,39.0,W,visa,debit,yahoo.com,Missing,Missing,Missing,15
3460339,49.0,W,mastercard,debit,gmail.com,Missing,Missing,Missing,15
3460340,107.95,W,visa,debit,gmail.com,Missing,Missing,Missing,15
3460341,209.95,W,mastercard,credit,Missing,Missing,Missing,Missing,15
3460342,25.95,W,visa,debit,ymail.com,Missing,Missing,Missing,15
3460343,59.0,W,visa,debit,yahoo.com,Missing,Missing,Missing,15
3460344,35.95,W,visa,debit,Missing,Missing,Missing,Missing,15
3460345,49.0,W,visa,debit,Missing,Missing,Missing,Missing,15
3460346,388.0,W,visa,debit,gmail.com,Missing,Missing,Missing,15
3460347,43.774,C,visa,credit,anonymous.com,anonymous.com,mobile,rv:59.0,15
3460348,6.886,C,visa,debit,hotmail.com,hotmail.com,mobile,LG-D373 Build/KOT49I.V10a,15
3460349,171.0,W,visa,debit,gmail.com,Missing,Missing,Missing,15
3460350,30.95,W,visa,debit,gmail.com,Missing,Missing,Missing,15
3460352,40.0,W,visa,debit,gmail.com,Missing,Missing,Missing,15
3460351,213.0,W,mastercard,debit,anonymous.com,Missing,Missing,Missing,15
3460353,117.0,W,visa,debit,anonymous.com,Missing,Missing,Missing,15
3460354,107.95,W,visa,debit,gmail.com,Missing,Missing,Missing,15
3460355,445.0,W,visa,debit,yahoo.com,Missing,Missing,Missing,15
3460356,1104.0,W,visa,debit,yahoo.com,Missing,Missing,Missing,15
3460357,29.818,C,visa,credit,hotmail.com,hotmail.com,desktop,Missing,15
3460358,77.0,W,mastercard,debit,Missing,Missing,Missing,Missing,15
3460359,171.0,W,mastercard,debit,comcast.net,Missing,Missing,Missing,15
3460360,265.0,W,visa,debit,comcast.net,Missing,Missing,Missing,15
3460361,59.0,W,visa,debit,yahoo.com,Missing,Missing,Missing,16
3460362,141.0,W,visa,debit,yahoo.com,Missing,Missing,Missing,16
3460363,25.95,W,visa,debit,yahoo.com,Missing,Missing,Missing,16
3460364,29.0,W,visa,debit,gmail.com,Missing,Missing,Missing,16
3460365,50.0,H,visa,credit,anonymous.com,outlook.com,desktop,Windows,16
3460366,54.0,W,mastercard,debit,gmail.com,Missing,Missing,Missing,16
3460367,117.0,W,visa,debit,gmail.com,Missing,Missing,Missing,16
3460368,47.95,W,visa,debit,gmail.com,Missing,Missing,Missing,16
3460369,56.95,W,mastercard,debit,gmail.com,Missing,Missing,Missing,16
3460370,56.95,W,mastercard,debit,gmail.com,Missing,Missing,Missing,16
3460371,147.06,C,visa,credit,anonymous.com,anonymous.com,desktop,Windows,16
3460372,150.5,W,mastercard,debit,comcast.net,Missing,Missing,Missing,16
3460373,42.95,W,visa,debit,gmail.com,Missing,Missing,Missing,16
3460374,57.95,W,visa,debit,yahoo.com,Missing,Missing,Missing,16
3460375,117.0,W,visa,debit,gmail.com,Missing,Missing,Missing,16
3460376,42.95,W,visa,debit,gmail.com,Missing,Missing,Missing,16
3460377,92.0,W,visa,debit,gmail.com,Missing,Missing,Missing,16
3460378,45.0,W,mastercard,debit,comcast.net,Missing,Missing,Missing,16
3460379,108.95,W,visa,debit,gmail.com,Missing,Missing,Missing,16
3460380,25.95,W,mastercard,debit,gmail.com,Missing,Missing,Missing,16
3460381,226.0,W,visa,debit,anonymous.com,Missing,Missing,Missing,16
3460382,194.97,W,visa,debit,gmail.com,Missing,Missing,Missing,16
3460383,335.0,W,mastercard,credit,gmail.com,Missing,Missing,Missing,16
3460384,42.0,W,mastercard,debit,comcast.net,Missing,Missing,Missing,16
3460385,35.95,W,visa,debit,gmail.com,Missing,Missing,Missing,16
3460386,25.0,R,mastercard,debit,anonymous.com,gmail.com,desktop,Windows,16
3460387,117.0,W,visa,debit,yahoo.com,Missing,Missing,Missing,16
3460388,107.95,W,visa,debit,Missing,Missing,Missing,Missing,16
3460389,107.95,W,mastercard,debit,aol.com,Missing,Missing,Missing,16
3460390,57.95,W,visa,debit,gmail.com,Missing,Missing,Missing,16
3460391,107.95,W,mastercard,credit,ymail.com,Missing,Missing,Missing,16
3460392,117.0,W,mastercard,debit,gmail.com,Missing,Missing,Missing,16
3460393,109.0,W,mastercard,debit,yahoo.com,Missing,Missing,Missing,16
3460394,59.0,W,visa,debit,outlook.com,Missing,Missing,Missing,16
3460395,20.411,C,visa,debit,gmail.com,gmail.com,mobile,Ilium X520 Build/NRD90M,16
3460396,17.829,C,mastercard,credit,gmail.com,gmail.com,mobile,SM-A730F Build/NMF26X,16
3460397,34.0,W,visa,debit,Missing,Missing,Missing,Missing,16
3460398,50.0,H,visa,credit,anonymous.com,outlook.com,desktop,Windows,16
3460399,13.331,C,mastercard,debit,gmail.com,gmail.com,desktop,Windows,16
3460400,29.818,C,visa,credit,hotmail.com,hotmail.com,Missing,Missing,16
3460401,330.99,W,mastercard,debit,hotmail.com,Missing,Missing,Missing,16
3460402,134.95,W,mastercard,debit,yahoo.com,Missing,Missing,Missing,16
3460403,25.95,W,mastercard,debit,gmail.com,Missing,Missing,Missing,16
3460405,166.99,W,visa,debit,gmail.com,Missing,Missing,Missing,16
3460404,39.0,W,visa,debit,yahoo.com,Missing,Missing,Missing,16
3460406,59.0,W,visa,debit,yahoo.com,Missing,Missing,Missing,16
3460407,49.0,W,visa,credit,gmail.com,Missing,Missing,Missing,16
3460408,59.0,W,mastercard,debit,gmail.com,Missing,Missing,Missing,16
3460409,258.46,W,visa,credit,gmail.com,Missing,Missing,Missing,16
3460410,498.44,W,mastercard,debit,icloud.com,Missing,Missing,Missing,16
3460411,581.8,W,mastercard,credit,gmail.com,Missing,Missing,Missing,16
3460412,226.0,W,mastercard,debit,centurylink.net,Missing,Missing,Missing,16
3460413,200.0,R,mastercard,debit,anonymous.com,gmail.com,mobile,iOS Device,16
3460414,450.0,R,american express,credit,anonymous.com,anonymous.com,desktop,Windows,16
3460415,47.95,W,mastercard,debit,yahoo.com,Missing,Missing,Missing,16
3460416,39.0,W,visa,debit,gmail.com,Missing,Missing,Missing,16
3460417,117.0,W,discover,credit,Missing,Missing,Missing,Missing,16
3460418,226.0,W,visa,debit,Missing,Missing,Missing,Missing,16
3460419,39.0,W,visa,debit,Missing,Missing,Missing,Missing,16
3460420,68.95,W,mastercard,debit,Missing,Missing,Missing,Missing,16
3460421,50.0,W,visa,debit,gmail.com,Missing,Missing,Missing,16
3460422,30.95,W,mastercard,debit,yahoo.com,Missing,Missing,Missing,16
3460423,57.95,W,visa,debit,Missing,Missing,Missing,Missing,16
3460424,82.95,W,visa,debit,yahoo.com,Missing,Missing,Missing,16
3460425,1170.61,W,mastercard,debit,gmail.com,Missing,Missing,Missing,16
3460426,107.95,W,visa,credit,aim.com,Missing,Missing,Missing,16
3460427,107.95,W,visa,debit,yahoo.com,Missing,Missing,Missing,16
3460428,39.5,W,mastercard,debit,yahoo.com,Missing,Missing,Missing,16
3460429,39.0,W,mastercard,debit,Missing,Missing,Missing,Missing,16
3460430,159.95,W,visa,debit,yahoo.com,Missing,Missing,Missing,16
3460431,39.0,W,visa,debit,gmail.com,Missing,Missing,Missing,16
3460432,45.0,W,visa,debit,gmail.com,Missing,Missing,Missing,16
3460433,17.214,C,visa,credit,gmail.com,gmail.com,desktop,Missing,16
3460434,414.79,W,visa,debit,yahoo.com,Missing,Missing,Missing,16
3460435,63.5,W,mastercard,debit,gmail.com,Missing,Missing,Missing,16
3460436,92.0,W,visa,credit,yahoo.com,Missing,Missing,Missing,16
3460437,378.95,W,visa,debit,gmail.com,Missing,Missing,Missing,16
3460438,56.5,W,visa,debit,gmail.com,Missing,Missing,Missing,16
3460439,54.0,W,visa,debit,yahoo.com,Missing,Missing,Missing,16
3460441,20.95,W,mastercard,debit,Missing,Missing,Missing,Missing,16
3460440,92.0,W,visa,credit,anonymous.com,Missing,Missing,Missing,16
3460442,35.95,W,visa,debit,gmail.com,Missing,Missing,Missing,16
3460443,201.0,W,mastercard,debit,Missing,Missing,Missing,Missing,16
3460444,77.0,W,visa,debit,gmail.com,Missing,Missing,Missing,16
3460445,311.95,W,visa,debit,gmail.com,Missing,Missing,Missing,16
3460446,30.95,W,mastercard,debit,yahoo.com,Missing,Missing,Missing,16
3460447,335.0,W,visa,debit,gmail.com,Missing,Missing,Missing,16
3460448,171.0,W,visa,debit,gmail.com,Missing,Missing,Missing,16
3460449,57.95,W,visa,debit,Missing,Missing,Missing,Missing,16
3460450,29.0,W,visa,debit,gmail.com,Missing,Missing,Missing,16
3460451,39.0,W,mastercard,debit,yahoo.com,Missing,Missing,Missing,16
3460452,59.0,W,visa,debit,gmail.com,Missing,Missing,Missing,16
3460453,167.0,W,mastercard,debit,gmail.com,Missing,Missing,Missing,16
3460454,159.95,W,visa,credit,yahoo.com,Missing,Missing,Missing,16
3460455,107.95,W,visa,debit,gmail.com,Missing,Missing,Missing,16
3460456,200.0,R,mastercard,credit,gmail.com,gmail.com,desktop,Windows,16
3460457,134.95,W,visa,debit,gmail.com,Missing,Missing,Missing,16
3460458,117.0,W,visa,debit,gmail.com,Missing,Missing,Missing,16
3460459,389.84,W,visa,debit,yahoo.com,Missing,Missing,Missing,16
3460460,161.0,W,visa,debit,Missing,Missing,Missing,Missing,16
3460461,119.95,W,mastercard,debit,hotmail.com,Missing,Missing,Missing,16
3460462,24.5,W,visa,debit,hotmail.com,Missing,Missing,Missing,16
3460463,307.95,W,visa,debit,gmail.com,Missing,Missing,Missing,16
3460464,113.0,W,visa,debit,gmail.com,Missing,Missing,Missing,16
3460465,200.0,R,visa,debit,sbcglobal.net,anonymous.com,Missing,Missing,16
3460466,439.22,W,visa,credit,gmail.com,Missing,Missing,Missing,16
3460467,683.71,W,visa,credit,gmail.com,Missing,Missing,Missing,16
3460468,107.95,W,visa,credit,yahoo.com,Missing,Missing,Missing,16
3460469,107.95,W,visa,debit,gmail.com,Missing,Missing,Missing,16
3460470,524.88,W,visa,debit,Missing,Missing,Missing,Missing,16
3460471,57.95,W,visa,debit,gmail.com,Missing,Missing,Missing,16
3460472,77.0,W,visa,debit,Missing,Missing,Missing,Missing,16
3460473,29.95,W,visa,debit,gmail.com,Missing,Missing,Missing,16
3460474,178.0,W,mastercard,debit,aol.com,Missing,Missing,Missing,16
3460475,47.95,W,mastercard,debit,Missing,Missing,Missing,Missing,16
3460476,67.95,W,visa,debit,Missing,Missing,Missing,Missing,16
3460477,439.22,W,visa,credit,gmail.com,Missing,Missing,Missing,16
3460478,54.5,W,mastercard,debit,gmail.com,Missing,Missing,Missing,16
3460479,39.0,W,visa,debit,Missing,Missing,Missing,Missing,16
3460480,73.0,W,visa,debit,Missing,Missing,Missing,Missing,16
3460481,117.0,W,visa,credit,aol.com,Missing,Missing,Missing,16
3460482,30.95,W,mastercard,debit,gmail.com,Missing,Missing,Missing,16
3460483,92.0,W,visa,debit,gmail.com,Missing,Missing,Missing,16
3460484,99.782,C,visa,credit,yahoo.co.uk,yahoo.co.uk,mobile,SM-G955F Build/R16NW,16
3460485,335.0,W,visa,debit,gmail.com,Missing,Missing,Missing,16
3460486,200.0,R,american express,credit,anonymous.com,anonymous.com,desktop,Windows,16
3460487,226.0,W,visa,debit,gmail.com,Missing,Missing,Missing,16
3460488,59.0,W,mastercard,debit,gmail.com,Missing,Missing,Missing,16
3460489,159.95,W,visa,credit,gmail.com,Missing,Missing,Missing,16
3460490,77.0,W,mastercard,debit,gmail.com,Missing,Missing,Missing,16
3460491,48.95,W,visa,debit,Missing,Missing,Missing,Missing,16
3460492,107.95,W,visa,debit,yahoo.com,Missing,Missing,Missing,16
3460493,100.0,W,visa,debit,yahoo.com,Missing,Missing,Missing,16
3460494,29.695,C,mastercard,debit,hotmail.com,hotmail.com,Missing,Missing,16
3460495,57.95,W,visa,debit,gmail.com,Missing,Missing,Missing,16
3460496,117.0,W,mastercard,debit,gmail.com,Missing,Missing,Missing,16
3460497,59.0,W,mastercard,debit,yahoo.com,Missing,Missing,Missing,16
3460498,77.0,W,mastercard,debit,anonymous.com,Missing,Missing,Missing,16
3460499,107.95,W,visa,debit,anonymous.com,Missing,Missing,Missing,16
3460500,36.95,W,mastercard,debit,Missing,Missing,Missing,Missing,16
3460501,21.518,C,mastercard,credit,anonymous.com,anonymous.com,desktop,Missing,16
3460502,68.95,W,mastercard,debit,gmail.com,Missing,Missing,Missing,16
3460503,40.0,W,mastercard,debit,comcast.net,Missing,Missing,Missing,16
3460504,82.95,W,visa,debit,gmail.com,Missing,Missing,Missing,16
3460505,52.95,W,mastercard,debit,yahoo.com,Missing,Missing,Missing,16
3460506,34.5,W,visa,debit,gmail.com,Missing,Missing,Missing,16
3460507,57.95,W,visa,debit,Missing,Missing,Missing,Missing,16
3460508,30.95,W,visa,debit,Missing,Missing,Missing,Missing,16
3460509,27.85,C,mastercard,debit,hotmail.com,hotmail.com,Missing,Missing,16
3460510,280.0,W,discover,credit,anonymous.com,Missing,Missing,Missing,16
3460511,41.5,W,visa,debit,yahoo.com,Missing,Missing,Missing,16
3460512,280.0,W,discover,credit,anonymous.com,Missing,Missing,Missing,16
3460513,117.0,W,visa,debit,yahoo.com,Missing,Missing,Missing,16
3460514,25.95,W,mastercard,credit,yahoo.com,Missing,Missing,Missing,16
3460515,204.97,W,visa,debit,gmail.com,Missing,Missing,Missing,16
3460516,36.95,W,visa,debit,gmail.com,Missing,Missing,Missing,16
3460517,117.0,W,mastercard,debit,gmail.com,Missing,Missing,Missing,16
3460518,301.95,W,visa,credit,yahoo.com,Missing,Missing,Missing,16
3460519,283.95,W,visa,debit,Missing,Missing,Missing,Missing,16
3460520,191.0,W,visa,debit,gmail.com,Missing,Missing,Missing,16
3460521,59.0,W,visa,debit,gmail.com,Missing,Missing,Missing,16
3460522,57.95,W,visa,debit,yahoo.com,Missing,Missing,Missing,16
3460523,186.0,W,visa,debit,yahoo.com,Missing,Missing,Missing,16
3460524,150.0,R,visa,credit,yahoo.com,anonymous.com,desktop,Windows,16
3460525,13.403,C,visa,debit,hotmail.com,hotmail.com,mobile,Missing,16
3460526,159.95,W,mastercard,debit,yahoo.com,Missing,Missing,Missing,16
3460527,107.95,W,visa,debit,Missing,Missing,Missing,Missing,16
3460528,262.95,W,visa,debit,yahoo.com,Missing,Missing,Missing,16
3460529,150.0,R,visa,credit,anonymous.com,anonymous.com,desktop,Windows,16
3460530,150.0,R,visa,credit,hotmail.com,msn.com,mobile,XT1635-01,16
3460531,108.95,W,visa,debit,gmail.com,Missing,Missing,Missing,16
3460532,15.0,W,visa,debit,Missing,Missing,Missing,Missing,16
3460533,117.0,W,visa,credit,aol.com,Missing,Missing,Missing,16
3460534,111.771,C,mastercard,credit,gmail.com,gmail.com,mobile,Moto G Play Build/NPIS26.48-36-5,16
3460535,57.95,W,visa,debit,comcast.net,Missing,Missing,Missing,16
3460536,47.95,W,mastercard,debit,gmail.com,Missing,Missing,Missing,16
3460537,87.95,W,visa,debit,Missing,Missing,Missing,Missing,16
3460538,171.0,W,mastercard,debit,Missing,Missing,Missing,Missing,16
3460539,59.95,W,visa,debit,gmail.com,Missing,Missing,Missing,16
3460540,25.0,S,mastercard,debit,Missing,hotmail.com,desktop,Windows,16
3460541,39.0,W,mastercard,debit,hotmail.com,Missing,Missing,Missing,16
3460542,55.0,W,visa,debit,comcast.net,Missing,Missing,Missing,16
3460543,275.66,W,visa,debit,aol.com,Missing,Missing,Missing,16
3460544,108.95,W,visa,debit,gmail.com,Missing,Missing,Missing,16
3460545,107.95,W,mastercard,credit,yahoo.com,Missing,Missing,Missing,16
3460546,307.95,W,visa,debit,gmail.com,Missing,Missing,Missing,16
3460547,209.95,W,mastercard,credit,gmail.com,Missing,Missing,Missing,16
3460548,113.0,W,visa,debit,gmail.com,Missing,Missing,Missing,16
3460549,159.95,W,visa,debit,gmail.com,Missing,Missing,Missing,16
3460550,59.0,W,visa,debit,Missing,Missing,Missing,Missing,16
3460551,59.0,W,visa,debit,gmail.com,Missing,Missing,Missing,16
3460552,44.0,W,visa,debit,gmail.com,Missing,Missing,Missing,16
3460553,75.0,H,visa,credit,gmail.com,icloud.com,mobile,iOS Device,16
3460554,107.95,W,visa,debit,Missing,Missing,Missing,Missing,16
3460555,35.95,W,visa,debit,yahoo.com,Missing,Missing,Missing,16
3460556,112.0,W,mastercard,debit,anonymous.com,Missing,Missing,Missing,16
3460558,75.0,H,visa,credit,gmail.com,icloud.com,mobile,iOS Device,16
3460557,92.0,W,visa,debit,gmail.com,Missing,Missing,Missing,16
3460559,58.95,W,visa,debit,Missing,Missing,Missing,Missing,16
3460560,171.0,W,mastercard,debit,aol.com,Missing,Missing,Missing,16
3460561,47.95,W,visa,debit,Missing,Missing,Missing,Missing,16
3460562,75.0,H,visa,debit,gmail.com,icloud.com,mobile,iOS Device,16
3460563,171.0,W,mastercard,debit,Missing,Missing,Missing,Missing,16
3460564,56.0,W,visa,debit,aol.com,Missing,Missing,Missing,16
3460565,73.97,W,visa,debit,yahoo.com,Missing,Missing,Missing,16
3460566,59.0,W,mastercard,debit,Missing,Missing,Missing,Missing,16
3460567,28.773,C,mastercard,credit,gmail.com,gmail.com,mobile,Missing,16
3460568,29.0,W,mastercard,debit,Missing,Missing,Missing,Missing,16
3460569,97.0,W,mastercard,debit,anonymous.com,Missing,Missing,Missing,16
3460570,57.0,W,mastercard,debit,gmail.com,Missing,Missing,Missing,16
3460571,39.0,W,visa,debit,yahoo.com,Missing,Missing,Missing,16
3460572,108.5,W,visa,credit,aol.com,Missing,Missing,Missing,16
3460573,59.0,W,visa,debit,gmail.com,Missing,Missing,Missing,17
3460574,59.0,W,visa,debit,yahoo.com,Missing,Missing,Missing,17
3460575,171.0,W,mastercard,debit,gmail.com,Missing,Missing,Missing,17
3460576,50.0,H,visa,credit,anonymous.com,gmail.com,desktop,MacOS,17
3460577,186.0,W,visa,debit,yahoo.com,Missing,Missing,Missing,17
3460578,59.0,W,visa,debit,gmail.com,Missing,Missing,Missing,17
3460579,226.0,W,mastercard,debit,msn.com,Missing,Missing,Missing,17
3460580,105.0,W,visa,debit,Missing,Missing,Missing,Missing,17
3460581,40.0,S,visa,debit,Missing,outlook.com,desktop,Missing,17
3460582,117.0,W,visa,debit,netzero.net,Missing,Missing,Missing,17
3460583,157.0,W,visa,debit,gmail.com,Missing,Missing,Missing,17
3460584,100.0,R,visa,debit,hotmail.com,hotmail.com,desktop,rv:11.0,17
3460585,59.0,W,visa,credit,live.com,Missing,Missing,Missing,17
3460586,35.95,W,visa,debit,Missing,Missing,Missing,Missing,17
3460587,105.95,W,visa,debit,yahoo.com,Missing,Missing,Missing,17
3460588,47.95,W,mastercard,debit,yahoo.com,Missing,Missing,Missing,17
3460589,25.95,W,mastercard,debit,rocketmail.com,Missing,Missing,Missing,17
3460590,34.0,W,mastercard,debit,gmail.com,Missing,Missing,Missing,17
3460591,117.0,W,mastercard,credit,gmail.com,Missing,Missing,Missing,17
3460592,107.95,W,mastercard,debit,Missing,Missing,Missing,Missing,17
3460593,49.0,W,mastercard,debit,gmail.com,Missing,Missing,Missing,17
3460594,66.95,W,visa,debit,yahoo.com,Missing,Missing,Missing,17
3460595,15.0,S,visa,debit,Missing,anonymous.com,desktop,Trident/7.0,17
3460596,107.95,W,mastercard,debit,Missing,Missing,Missing,Missing,17
3460597,280.0,W,visa,debit,aol.com,Missing,Missing,Missing,17
3460598,117.0,W,visa,debit,yahoo.com,Missing,Missing,Missing,17
3460599,9.775,C,mastercard,debit,gmail.com,gmail.com,desktop,Missing,17
3460600,107.95,W,mastercard,debit,yahoo.com,Missing,Missing,Missing,17
3460601,117.0,W,visa,credit,gmail.com,Missing,Missing,Missing,17
3460602,226.0,W,visa,debit,gmail.com,Missing,Missing,Missing,17
3460603,57.95,W,visa,debit,gmail.com,Missing,Missing,Missing,17
3460604,9.775,C,mastercard,debit,gmail.com,gmail.com,desktop,Missing,17
3460605,100.0,R,visa,credit,me.com,anonymous.com,desktop,rv:11.0,17
3460606,9.775,C,mastercard,credit,gmail.com,gmail.com,desktop,Missing,17
3460607,100.0,R,visa,credit,anonymous.com,anonymous.com,desktop,Windows,17
3460608,35.351,C,visa,debit,hotmail.com,hotmail.com,mobile,Missing,17
3460609,117.0,W,visa,debit,netzero.net,Missing,Missing,Missing,17
3460610,150.0,R,american express,credit,gmail.com,anonymous.com,desktop,Trident/7.0,17
3460611,150.0,R,american express,credit,gmail.com,anonymous.com,desktop,Trident/7.0,17
3460612,92.0,W,visa,debit,Missing,Missing,Missing,Missing,17
3460613,100.0,R,visa,debit,anonymous.com,gmail.com,mobile,iOS Device,17
3460614,49.0,W,mastercard,debit,gmail.com,Missing,Missing,Missing,17
3460615,46.5,W,mastercard,debit,anonymous.com,Missing,Missing,Missing,17
3460616,1765.57,W,visa,debit,aol.com,Missing,Missing,Missing,17
3460617,25.95,W,visa,debit,gmail.com,Missing,Missing,Missing,17
3460618,23.95,W,mastercard,debit,rocketmail.com,Missing,Missing,Missing,17
3460619,50.0,H,visa,debit,gmail.com,gmail.com,desktop,rv:11.0,17
3460620,62.833,C,visa,debit,hotmail.es,hotmail.es,mobile,C6906 Build/14.6.A.1.236,17
3460621,226.0,W,visa,debit,Missing,Missing,Missing,Missing,17
3460622,50.0,H,visa,credit,gmail.com,gmail.com,desktop,rv:11.0,17
3460623,206.0,W,visa,debit,gmail.com,Missing,Missing,Missing,17
3460624,40.0,S,mastercard,debit,Missing,yahoo.com,desktop,Windows,17
3460625,34.5,W,visa,debit,gmail.com,Missing,Missing,Missing,17
3460626,53.97,W,mastercard,debit,gmail.com,Missing,Missing,Missing,17
3460627,50.0,W,visa,debit,gmail.com,Missing,Missing,Missing,17
3460628,51.0,W,visa,debit,icloud.com,Missing,Missing,Missing,17
3460629,200.0,R,visa,credit,anonymous.com,hotmail.com,desktop,Windows,17
3460630,40.0,W,visa,debit,gmail.com,Missing,Missing,Missing,17
3460631,737.0,W,visa,debit,yahoo.com,Missing,Missing,Missing,17
3460632,171.0,W,visa,debit,gmail.com,Missing,Missing,Missing,17
3460633,30.95,W,mastercard,debit,gmail.com,Missing,Missing,Missing,17
3460634,75.0,R,visa,credit,comcast.net,comcast.net,desktop,MacOS,17
3460635,59.0,W,visa,debit,Missing,Missing,Missing,Missing,17
3460636,75.0,R,mastercard,debit,gmail.com,anonymous.com,desktop,Windows,17
3460637,39.0,W,visa,debit,yahoo.com,Missing,Missing,Missing,17
3460638,157.0,W,visa,debit,gmail.com,Missing,Missing,Missing,17
3460639,108.5,W,mastercard,debit,gmail.com,Missing,Missing,Missing,17
3460640,59.0,W,visa,debit,gmail.com,Missing,Missing,Missing,17
3460641,144.95,W,mastercard,debit,yahoo.com,Missing,Missing,Missing,17
3460642,100.0,R,visa,credit,gmail.com,anonymous.com,desktop,Windows,17
3460643,310.0,W,visa,debit,yahoo.com,Missing,Missing,Missing,17
3460644,28.896,C,mastercard,credit,gmail.com,gmail.com,desktop,Trident/7.0,17
3460645,438.68,W,visa,credit,aol.com,Missing,Missing,Missing,17
3460646,22.133,C,visa,debit,gmail.com,gmail.com,desktop,Windows,17
3460647,47.95,W,visa,debit,icloud.com,Missing,Missing,Missing,17
3460648,40.823,C,visa,debit,gmail.com,gmail.com,mobile,Ilium X520 Build/NRD90M,17
3460649,100.0,R,mastercard,debit,sbcglobal.net,anonymous.com,desktop,Windows,17
3460650,50.0,H,visa,debit,gmail.com,gmail.com,mobile,iOS Device,17
3460651,22.133,C,visa,credit,gmail.com,gmail.com,desktop,Windows,17
3460652,117.0,W,mastercard,debit,Missing,Missing,Missing,Missing,17
3460653,108.95,W,visa,debit,gmail.com,Missing,Missing,Missing,17
3460654,117.0,W,mastercard,debit,Missing,Missing,Missing,Missing,17
3460655,158.618,C,visa,credit,hotmail.com,hotmail.com,desktop,Windows,17
3460656,35.95,W,visa,debit,gmail.com,Missing,Missing,Missing,17
3460657,40.823,C,visa,debit,gmail.com,gmail.com,mobile,Ilium X520 Build/NRD90M,17
3460658,200.0,R,visa,credit,anonymous.com,anonymous.com,desktop,rv:11.0,17
3460659,39.0,W,mastercard,debit,gmail.com,Missing,Missing,Missing,17
3460660,117.0,W,mastercard,debit,Missing,Missing,Missing,Missing,17
3460661,49.0,W,mastercard,debit,Missing,Missing,Missing,Missing,17
3460662,335.0,W,visa,debit,outlook.com,Missing,Missing,Missing,17
3460663,158.618,C,visa,credit,hotmail.com,hotmail.com,desktop,Windows,17
3460664,226.0,W,visa,debit,Missing,Missing,Missing,Missing,17
3460665,95.0,W,mastercard,debit,yahoo.com,Missing,Missing,Missing,17
3460666,117.0,W,visa,debit,anonymous.com,Missing,Missing,Missing,17
3460667,107.95,W,mastercard,debit,yahoo.com,Missing,Missing,Missing,17
3460668,10.0,S,visa,debit,Missing,anonymous.com,mobile,Missing,17
3460669,104.47,W,visa,debit,Missing,Missing,Missing,Missing,17
3460670,34.5,W,mastercard,credit,gmail.com,Missing,Missing,Missing,17
3460671,664.95,W,visa,debit,Missing,Missing,Missing,Missing,17
3460672,159.95,W,visa,debit,gmail.com,Missing,Missing,Missing,17
3460673,87.95,W,visa,debit,gmail.com,Missing,Missing,Missing,17
3460674,407.82,W,visa,credit,gmail.com,Missing,Missing,Missing,17
3460675,644.95,W,visa,debit,gmail.com,Missing,Missing,Missing,17
3460676,49.0,W,mastercard,debit,anonymous.com,Missing,Missing,Missing,17
3460677,179.55,W,visa,debit,gmail.com,Missing,Missing,Missing,17
3460678,146.0,W,mastercard,credit,hotmail.com,Missing,Missing,Missing,17
3460679,255.0,W,visa,debit,yahoo.com,Missing,Missing,Missing,17
3460680,139.95,W,visa,debit,gmail.com,Missing,Missing,Missing,17
3460681,49.0,W,visa,debit,anonymous.com,Missing,Missing,Missing,17
3460682,43.95,W,mastercard,debit,gmail.com,Missing,Missing,Missing,17
3460683,89.0,W,visa,debit,anonymous.com,Missing,Missing,Missing,17
3460684,325.0,W,visa,debit,gmail.com,Missing,Missing,Missing,17
3460685,53.95,W,visa,debit,yahoo.com,Missing,Missing,Missing,17
3460686,39.0,W,mastercard,debit,Missing,Missing,Missing,Missing,17
3460687,255.0,W,visa,credit,cox.net,Missing,Missing,Missing,17
3460688,176.448,C,visa,credit,gmail.com,gmail.com,desktop,Moto G (4) Build/NPJ25.93-14.7,17
3460689,325.0,W,visa,debit,gmail.com,Missing,Missing,Missing,17
3460690,50.0,H,visa,credit,gmail.com,anonymous.com,desktop,Missing,17
3460691,24.5,W,mastercard,debit,yahoo.com,Missing,Missing,Missing,17
3460692,50.0,H,visa,credit,gmail.com,anonymous.com,desktop,Missing,17
3460693,100.0,R,visa,debit,yahoo.com,yahoo.com,desktop,Windows,17
3460694,117.0,W,visa,debit,Missing,Missing,Missing,Missing,17
3460695,100.0,R,visa,credit,hotmail.com,hotmail.com,desktop,Windows,17
3460696,77.0,W,visa,debit,yahoo.com,Missing,Missing,Missing,17
3460697,77.0,W,visa,debit,Missing,Missing,Missing,Missing,17
3460698,280.0,W,visa,debit,icloud.com,Missing,Missing,Missing,17
3460699,664.95,W,visa,debit,Missing,Missing,Missing,Missing,17
3460700,117.0,W,visa,debit,Missing,Missing,Missing,Missing,17
3460701,50.0,S,mastercard,debit,Missing,yahoo.com,desktop,Missing,17
3460702,77.0,W,mastercard,credit,yahoo.com,Missing,Missing,Missing,17
3460703,57.95,W,visa,debit,yahoo.com,Missing,Missing,Missing,17
3460704,75.0,R,american express,credit,gmail.com,gmail.com,desktop,Windows,17
3460705,117.0,W,mastercard,debit,Missing,Missing,Missing,Missing,17
3460706,744.95,W,mastercard,credit,yahoo.com,Missing,Missing,Missing,17
3460707,87.0,W,visa,debit,gmail.com,Missing,Missing,Missing,17
3460708,117.0,W,visa,debit,gmail.com,Missing,Missing,Missing,17
3460709,176.448,C,mastercard,credit,gmail.com,gmail.com,desktop,Moto G (4) Build/NPJ25.93-14.7,17
3460711,250.0,R,visa,debit,anonymous.com,sbcglobal.net,desktop,Trident/7.0,17
3460710,117.0,W,visa,debit,yahoo.com,Missing,Missing,Missing,17
3460712,77.0,W,visa,debit,gmail.com,Missing,Missing,Missing,17
3460713,50.0,W,visa,debit,gmail,Missing,Missing,Missing,17
3460714,554.0,W,visa,debit,gmail.com,Missing,Missing,Missing,17
3460715,29.0,W,visa,debit,yahoo.com,Missing,Missing,Missing,17
3460716,250.0,W,visa,debit,gmail.com,Missing,Missing,Missing,17
3460717,1830.5,W,discover,credit,att.net,Missing,Missing,Missing,17
3460718,49.0,W,visa,debit,gmail.com,Missing,Missing,Missing,17
3460719,109.0,W,visa,debit,hotmail.com,Missing,Missing,Missing,17
3460720,57.95,W,visa,debit,msn.com,Missing,Missing,Missing,17
3460721,15.739,C,mastercard,debit,gmail.com,gmail.com,mobile,Missing,17
3460722,117.0,W,visa,debit,gmail.com,Missing,Missing,Missing,17
3460723,47.95,W,visa,debit,Missing,Missing,Missing,Missing,17
3460724,30.95,W,visa,debit,gmail.com,Missing,Missing,Missing,17
3460725,60.0,H,visa,credit,yahoo.com,icloud.com,mobile,iOS Device,17
3460726,50.0,H,visa,credit,gmail.com,anonymous.com,desktop,Missing,17
3460727,277.5,W,visa,debit,yahoo.com,Missing,Missing,Missing,17
3460728,29.0,W,visa,debit,Missing,Missing,Missing,Missing,17
3460729,114.95,W,mastercard,debit,gmail.com,Missing,Missing,Missing,17
3460730,117.0,W,visa,debit,gmail.com,Missing,Missing,Missing,17
3460731,226.0,W,visa,debit,hotmail.com,Missing,Missing,Missing,17
3460732,176.448,C,visa,credit,gmail.com,gmail.com,desktop,Moto G (4) Build/NPJ25.93-14.7,17
3460733,31.0,W,visa,debit,gmail.com,Missing,Missing,Missing,17
3460734,75.0,R,american express,credit,anonymous.com,anonymous.com,desktop,MacOS,17
3460735,39.0,W,visa,credit,Missing,Missing,Missing,Missing,17
3460736,95.0,W,visa,debit,yahoo.com,Missing,Missing,Missing,17
3460737,226.0,W,mastercard,debit,msn.com,Missing,Missing,Missing,17
3460738,100.0,R,visa,debit,yahoo.com,gmail.com,desktop,Windows,17
3460739,59.0,W,mastercard,debit,gmail.com,Missing,Missing,Missing,17
3460740,499.95,W,visa,debit,aol.com,Missing,Missing,Missing,17
3460741,100.0,R,visa,credit,gmail.com,gmail.com,mobile,SAMSUNG,17
3460742,167.0,W,visa,debit,yahoo.com,Missing,Missing,Missing,17
3460743,39.0,W,visa,debit,gmail.com,Missing,Missing,Missing,17
3460744,77.0,W,visa,debit,gmail.com,Missing,Missing,Missing,17
3460745,117.0,W,visa,debit,gmail.com,Missing,Missing,Missing,17
3460746,117.0,W,mastercard,debit,gmail.com,Missing,Missing,Missing,17
3460747,200.0,W,visa,debit,hotmail.com,Missing,Missing,Missing,17
3460748,586.12,W,visa,credit,gmail.com,Missing,Missing,Missing,17
3460749,58.95,W,visa,debit,gmail.com,Missing,Missing,Missing,17
3460750,88.95,W,visa,debit,gmail.com,Missing,Missing,Missing,17
3460751,24.95,W,visa,debit,gmail.com,Missing,Missing,Missing,17
3460752,117.0,W,visa,debit,aol.com,Missing,Missing,Missing,17
3460753,171.0,W,visa,credit,gmail.com,Missing,Missing,Missing,17
3460754,58.95,W,visa,credit,gmail.com,Missing,Missing,Missing,17
3460755,25.95,W,visa,debit,gmail.com,Missing,Missing,Missing,17
3460756,59.0,W,mastercard,credit,optonline.net,Missing,Missing,Missing,17
3460757,155.47,W,visa,debit,aol.com,Missing,Missing,Missing,17
3460758,88.95,W,visa,debit,gmail.com,Missing,Missing,Missing,17
3460759,39.0,W,visa,debit,gmail.com,Missing,Missing,Missing,17
3460760,312.95,W,visa,debit,Missing,Missing,Missing,Missing,17
3460761,51.0,W,visa,credit,yahoo.com,Missing,Missing,Missing,17
3460762,68.858,C,mastercard,credit,gmail.com,gmail.com,desktop,Moto Z (2,17
3460763,18.382,C,visa,credit,yahoo.com,yahoo.com,Missing,Missing,17
3460764,280.0,W,mastercard,debit,icloud.com,Missing,Missing,Missing,17
3460765,335.0,W,mastercard,debit,gmail.com,Missing,Missing,Missing,17
3460766,51.0,W,mastercard,credit,yahoo.com,Missing,Missing,Missing,17
3460767,2146.95,W,visa,debit,gmail.com,Missing,Missing,Missing,17
3460768,107.95,W,visa,debit,gmail.com,Missing,Missing,Missing,17
3460769,77.0,W,visa,debit,Missing,Missing,Missing,Missing,17
3460770,59.0,W,mastercard,debit,gmail.com,Missing,Missing,Missing,18
3460771,67.95,W,visa,debit,gmail.com,Missing,Missing,Missing,18
3460772,49.0,W,visa,debit,yahoo.com,Missing,Missing,Missing,18
3460773,108.5,W,visa,debit,aol.com,Missing,Missing,Missing,18
3460774,112.99,W,mastercard,debit,gmail.com,Missing,Missing,Missing,18
3460775,613.09,W,visa,debit,icloud.com,Missing,Missing,Missing,18
3460776,656.0,W,visa,debit,aol.com,Missing,Missing,Missing,18
3460777,49.0,W,visa,debit,yahoo.com,Missing,Missing,Missing,18
3460778,24.0,W,visa,debit,Missing,Missing,Missing,Missing,18
3460779,58.51,W,visa,debit,gmail.com,Missing,Missing,Missing,18
3460780,7.44,C,mastercard,debit,hotmail.com,hotmail.com,mobile,MYA-L13 Build/HUAWEIMYA-L13,18
3460781,82.95,W,mastercard,debit,gmail.com,Missing,Missing,Missing,18
3460782,200.0,R,visa,credit,anonymous.com,hotmail.com,desktop,Windows,18
3460783,13.833,C,mastercard,credit,hotmail.com,hotmail.com,mobile,CAM-L03 Build/HUAWEICAM-L03,18
3460784,29.0,W,visa,debit,gmail.com,Missing,Missing,Missing,18
3460785,100.0,R,mastercard,credit,comcast.net,comcast.net,desktop,Windows,18
3460786,107.95,W,visa,debit,gmail.com,Missing,Missing,Missing,18
3460787,117.0,W,visa,debit,gmail.com,Missing,Missing,Missing,18
3460788,15.616,C,mastercard,credit,anonymous.com,anonymous.com,desktop,Missing,18
3460789,150.0,R,visa,credit,anonymous.com,anonymous.com,desktop,Windows,18
3460790,226.0,W,visa,debit,gmail.com,Missing,Missing,Missing,18
3460791,44.0,W,visa,debit,gmail.com,Missing,Missing,Missing,18
3460793,381.33,W,mastercard,credit,Missing,Missing,Missing,Missing,18
3460792,54.0,W,visa,debit,yahoo.com,Missing,Missing,Missing,18
3460794,34.95,W,mastercard,debit,gmail.com,Missing,Missing,Missing,18
3460795,97.0,W,visa,debit,anonymous.com,Missing,Missing,Missing,18
3460796,146.0,W,visa,debit,hotmail.com,Missing,Missing,Missing,18
3460797,656.0,W,visa,debit,yahoo.com,Missing,Missing,Missing,18
3460798,90.0,W,mastercard,debit,gmail.com,Missing,Missing,Missing,18
3460799,39.0,W,visa,debit,gmail.com,Missing,Missing,Missing,18
3460800,47.95,W,visa,debit,charter.net,Missing,Missing,Missing,18
3460801,664.0,W,visa,debit,gmail.com,Missing,Missing,Missing,18
3460802,49.0,W,visa,credit,gmail.com,Missing,Missing,Missing,18
3460803,554.0,W,mastercard,debit,aol.com,Missing,Missing,Missing,18
3460804,2348.23,W,mastercard,credit,comcast.net,Missing,Missing,Missing,18
3460805,117.0,W,visa,debit,gmail.com,Missing,Missing,Missing,18
3460806,146.0,W,visa,debit,anonymous.com,Missing,Missing,Missing,18
3460807,39.0,W,mastercard,debit,yahoo.com,Missing,Missing,Missing,18
3460808,59.0,W,visa,debit,gmail.com,Missing,Missing,Missing,18
3460809,29.51,C,visa,debit,gmail.com,gmail.com,mobile,F8331,18
3460810,57.95,W,mastercard,debit,gmail.com,Missing,Missing,Missing,18
3460811,88.0,W,visa,debit,hotmail.com,Missing,Missing,Missing,18
3460812,2348.23,W,mastercard,credit,comcast.net,Missing,Missing,Missing,18
3460813,49.0,W,visa,debit,gmail.com,Missing,Missing,Missing,18
3460814,59.0,W,visa,debit,gmail.com,Missing,Missing,Missing,18
3460815,2668.45,W,visa,debit,aol.com,Missing,Missing,Missing,18
3460816,30.265,C,mastercard,credit,yahoo.com,yahoo.com,desktop,Trident/7.0,18
3460817,280.0,W,visa,debit,gmail.com,Missing,Missing,Missing,18
3460818,108.95,W,visa,debit,anonymous.com,Missing,Missing,Missing,18
3460819,107.95,W,visa,debit,Missing,Missing,Missing,Missing,18
3460820,25.95,W,mastercard,debit,gmail.com,Missing,Missing,Missing,18
3460821,103.0,W,visa,debit,yahoo.com,Missing,Missing,Missing,18
3460822,134.95,W,visa,debit,anonymous.com,Missing,Missing,Missing,18
3460823,500.0,H,visa,debit,yahoo.com,yahoo.com,mobile,SAMSUNG SM-G935A Build/NRD90M,18
3460824,59.0,W,visa,debit,yahoo.com,Missing,Missing,Missing,18
3460825,34.0,W,visa,debit,gmail.com,Missing,Missing,Missing,18
3460826,54.5,W,visa,debit,gmail.com,Missing,Missing,Missing,18
3460827,59.0,W,mastercard,debit,gmail.com,Missing,Missing,Missing,18
3460828,34.0,W,visa,debit,Missing,Missing,Missing,Missing,18
3460829,226.0,W,visa,debit,rocketmail.com,Missing,Missing,Missing,18
3460830,364.03,W,mastercard,credit,centurylink.net,Missing,Missing,Missing,18
3460831,6.517,C,visa,credit,hotmail.com,hotmail.com,Missing,Missing,18
3460832,59.0,W,visa,debit,yahoo.com,Missing,Missing,Missing,18
3460833,49.0,W,mastercard,credit,yahoo.com,Missing,Missing,Missing,18
3460834,265.0,W,visa,debit,yahoo.com,Missing,Missing,Missing,18
3460835,50.0,H,visa,credit,gmail.com,Missing,desktop,Windows,18
3460836,59.0,W,visa,debit,gmail.com,Missing,Missing,Missing,18
3460837,82.95,W,visa,debit,gmail.com,Missing,Missing,Missing,18
3460838,554.0,W,visa,credit,gmail.com,Missing,Missing,Missing,18
3460839,35.95,W,mastercard,debit,Missing,Missing,Missing,Missing,18
3460840,445.0,W,visa,debit,gmail.com,Missing,Missing,Missing,18
3460841,34.5,W,visa,debit,gmail.com,Missing,Missing,Missing,18
3460842,117.0,W,mastercard,debit,gmail.com,Missing,Missing,Missing,18
3460843,77.0,W,mastercard,debit,yahoo.com,Missing,Missing,Missing,18
3460844,107.95,W,visa,credit,Missing,Missing,Missing,Missing,18
3460845,25.95,W,visa,debit,Missing,Missing,Missing,Missing,18
3460846,550.0,W,mastercard,debit,anonymous.com,Missing,Missing,Missing,18
3460847,22.133,C,mastercard,credit,gmail.com,gmail.com,desktop,Windows,18
3460848,200.0,R,visa,credit,anonymous.com,hotmail.com,desktop,Windows,18
3460849,49.0,W,visa,debit,gmail.com,Missing,Missing,Missing,18
3460850,29.0,W,visa,debit,Missing,Missing,Missing,Missing,18
3460851,59.0,W,mastercard,debit,gmail.com,Missing,Missing,Missing,18
3460852,201.0,W,mastercard,debit,Missing,Missing,Missing,Missing,18
3460853,107.95,W,visa,debit,yahoo.com,Missing,Missing,Missing,18
3460854,29.0,W,visa,debit,Missing,Missing,Missing,Missing,18
3460855,117.0,W,mastercard,debit,aol.com,Missing,Missing,Missing,18
3460856,108.5,W,visa,debit,gmail.com,Missing,Missing,Missing,18
3460857,117.0,W,visa,debit,gmail.com,Missing,Missing,Missing,18
3460858,107.95,W,visa,debit,gmail.com,Missing,Missing,Missing,18
3460859,6.763,C,mastercard,credit,hotmail.com,hotmail.com,mobile,Missing,18
3460860,56.99,W,visa,debit,live.com,Missing,Missing,Missing,18
3460861,25.95,W,visa,debit,gmail.com,Missing,Missing,Missing,18
3460862,50.0,W,mastercard,debit,gmail.com,Missing,Missing,Missing,18
3460863,59.0,W,visa,debit,gmail.com,Missing,Missing,Missing,18
3460864,395.8,W,visa,debit,gmail.com,Missing,Missing,Missing,18
3460865,6.763,C,mastercard,debit,hotmail.com,hotmail.com,mobile,Missing,18
3460866,107.95,W,mastercard,debit,Missing,Missing,Missing,Missing,18
3460867,117.0,W,visa,debit,Missing,Missing,Missing,Missing,18
3460868,35.95,W,mastercard,debit,Missing,Missing,Missing,Missing,18
3460869,13.0,W,visa,debit,gmail.com,Missing,Missing,Missing,18
3460870,402.37,W,mastercard,credit,anonymous.com,Missing,Missing,Missing,18
3460871,6.517,C,visa,debit,hotmail.com,hotmail.com,Missing,Missing,18
3460872,35.351,C,mastercard,credit,gmail.com,gmail.com,mobile,Missing,18
3460873,49.0,W,visa,debit,Missing,Missing,Missing,Missing,18
3460874,161.0,W,visa,debit,anonymous.com,Missing,Missing,Missing,18
3460875,67.95,W,visa,debit,gmail.com,Missing,Missing,Missing,18
3460876,129.97,W,visa,debit,sbcglobal.net,Missing,Missing,Missing,18
3460877,408.95,W,mastercard,credit,anonymous.com,Missing,Missing,Missing,18
3460878,59.0,W,mastercard,debit,gmail.com,Missing,Missing,Missing,18
3460879,92.0,W,mastercard,debit,gmail.com,Missing,Missing,Missing,18
3460880,35.95,W,mastercard,debit,gmail.com,Missing,Missing,Missing,18
3460881,50.0,H,visa,debit,gmail.com,gmail.com,mobile,iOS Device,18
3460882,524.95,W,visa,credit,Missing,Missing,Missing,Missing,18
3460883,87.0,W,visa,debit,yahoo.com,Missing,Missing,Missing,18
3460884,68.95,W,visa,debit,Missing,Missing,Missing,Missing,18
3460885,77.0,W,visa,debit,gmail.com,Missing,Missing,Missing,18
3460886,39.0,W,visa,debit,yahoo.com,Missing,Missing,Missing,18
3460887,115.0,W,visa,debit,gmail.com,Missing,Missing,Missing,18
3460888,200.0,R,american express,credit,anonymous.com,anonymous.com,desktop,Windows,18
3460889,948.1,W,visa,credit,msn.com,Missing,Missing,Missing,18
3460890,54.0,W,visa,debit,gmail.com,Missing,Missing,Missing,18
3460891,29.0,W,mastercard,debit,yahoo.com,Missing,Missing,Missing,18
3460892,155.0,W,visa,debit,cox.net,Missing,Missing,Missing,18
3460893,57.95,W,visa,debit,icloud.com,Missing,Missing,Missing,18
3460894,335.0,W,mastercard,credit,gmail.com,Missing,Missing,Missing,18
3460895,55.0,W,visa,debit,anonymous.com,Missing,Missing,Missing,18
3460896,893.65,W,mastercard,credit,yahoo.com,Missing,Missing,Missing,18
3460897,73.5,W,visa,debit,embarqmail.com,Missing,Missing,Missing,18
3460898,171.0,W,mastercard,credit,Missing,Missing,Missing,Missing,18
3460899,29.0,W,visa,debit,Missing,Missing,Missing,Missing,18
3460900,57.95,W,mastercard,debit,yahoo.com,Missing,Missing,Missing,18
3460901,35.95,W,visa,debit,gmail.com,Missing,Missing,Missing,18
3460902,35.95,W,mastercard,debit,Missing,Missing,Missing,Missing,18
3460903,78.95,W,visa,debit,gmail.com,Missing,Missing,Missing,18
3460904,105.0,W,visa,debit,anonymous.com,Missing,Missing,Missing,18
3460905,34.5,W,visa,debit,gmail.com,Missing,Missing,Missing,18
3460906,29.0,W,mastercard,debit,aol.com,Missing,Missing,Missing,18
3460907,34.0,W,visa,debit,gmail.com,Missing,Missing,Missing,18
3460908,335.0,W,visa,debit,aol.com,Missing,Missing,Missing,18
3460909,1264.43,W,visa,credit,gmail.com,Missing,Missing,Missing,18
3460910,1364.95,W,mastercard,credit,gmail.com,Missing,Missing,Missing,18
3460911,25.95,W,visa,debit,gmail.com,Missing,Missing,Missing,18
3460912,59.0,W,visa,debit,Missing,Missing,Missing,Missing,18
3460913,167.95,W,visa,debit,gmail.com,Missing,Missing,Missing,18
3460914,43.95,W,visa,debit,gmail.com,Missing,Missing,Missing,18
3460915,280.0,W,visa,debit,gmail.com,Missing,Missing,Missing,18
3460916,59.0,W,visa,debit,gmail.com,Missing,Missing,Missing,18
3460917,29.51,C,visa,credit,hotmail.com,hotmail.com,mobile,Missing,18
3460918,1849.95,W,visa,debit,gmail.com,Missing,Missing,Missing,18
3460919,29.757,C,visa,debit,gmail.com,gmail.com,desktop,Windows,18
3460920,30.0,S,mastercard,debit,Missing,yahoo.com,desktop,Windows,18
3460921,443.37,W,visa,credit,Missing,Missing,Missing,Missing,18
3460922,59.0,W,mastercard,debit,Missing,Missing,Missing,Missing,18
3460923,7.132,C,mastercard,debit,hotmail.com,hotmail.com,desktop,Windows,18
3460924,59.0,W,visa,credit,yahoo.com,Missing,Missing,Missing,18
3460925,98.614,C,visa,credit,anonymous.com,anonymous.com,desktop,Missing,18
3460926,2347.27,W,visa,credit,gmail.com,Missing,Missing,Missing,18
3460927,6.087,C,mastercard,credit,hotmail.com,hotmail.com,mobile,SM-J710MN Build/MMB29K,18
3460928,59.0,W,visa,debit,gmail.com,Missing,Missing,Missing,18
3460929,57.95,W,visa,debit,gmail.com,Missing,Missing,Missing,18
3460930,200.0,R,visa,credit,anonymous.com,hotmail.com,desktop,rv:11.0,18
3460931,62.95,W,visa,debit,gmail.com,Missing,Missing,Missing,18
3460932,335.0,W,visa,debit,gmail.com,Missing,Missing,Missing,18
3460933,28.95,W,visa,debit,yahoo.com,Missing,Missing,Missing,18
3460934,445.0,W,visa,debit,gmail.com,Missing,Missing,Missing,18
3460935,57.95,W,visa,debit,yahoo.com,Missing,Missing,Missing,18
3460936,100.0,W,visa,debit,comcast.net,Missing,Missing,Missing,18
3460937,59.0,W,visa,debit,gmail.com,Missing,Missing,Missing,18
3460938,171.0,W,visa,debit,yahoo.com,Missing,Missing,Missing,18
3460939,35.95,W,mastercard,debit,Missing,Missing,Missing,Missing,18
3460940,317.4,W,mastercard,debit,gmail.com,Missing,Missing,Missing,18
3460941,58.95,W,visa,debit,gmail.com,Missing,Missing,Missing,18
3460942,117.0,W,mastercard,debit,gmail.com,Missing,Missing,Missing,18
3460943,68.5,W,mastercard,debit,yahoo.com,Missing,Missing,Missing,18
3460944,226.0,W,visa,debit,yahoo.com,Missing,Missing,Missing,18
3460945,25.95,W,visa,debit,gmail.com,Missing,Missing,Missing,18
3460946,75.0,H,mastercard,credit,anonymous.com,Missing,mobile,iOS Device,18
3460947,100.0,R,visa,debit,aol.com,anonymous.com,desktop,Windows,18
3460948,240.0,W,visa,debit,gmail.com,Missing,Missing,Missing,18
3460949,82.95,W,mastercard,debit,gmail.com,Missing,Missing,Missing,19
3460950,652.0,W,visa,debit,gmail.com,Missing,Missing,Missing,19
3460951,834.0,W,mastercard,debit,aol.com,Missing,Missing,Missing,19
3460952,100.0,R,visa,credit,anonymous.com,anonymous.com,desktop,Windows,19
3460953,117.0,W,visa,debit,gmail.com,Missing,Missing,Missing,19
3460954,57.95,W,visa,debit,gmail.com,Missing,Missing,Missing,19
3460955,219.95,W,visa,debit,rocketmail.com,Missing,Missing,Missing,19
3460956,5.841,C,visa,debit,gmail.com,gmail.com,mobile,SM-G610M Build/MMB29K,19
3460957,59.0,W,mastercard,debit,gmail.com,Missing,Missing,Missing,19
3460958,226.0,W,mastercard,debit,yahoo.com,Missing,Missing,Missing,19
3460959,57.95,W,visa,debit,gmail.com,Missing,Missing,Missing,19
3460960,49.0,W,visa,debit,hotmail.com,Missing,Missing,Missing,19
3460961,103.97,W,visa,debit,yahoo.com,Missing,Missing,Missing,19
3460962,25.95,W,visa,debit,Missing,Missing,Missing,Missing,19
3460963,59.0,W,visa,debit,gmail.com,Missing,Missing,Missing,19
3460964,104.95,W,mastercard,credit,yahoo.com,Missing,Missing,Missing,19
3460965,171.0,W,mastercard,credit,gmail.com,Missing,Missing,Missing,19
3460966,270.0,W,visa,debit,yahoo.com,Missing,Missing,Missing,19
3460967,35.95,W,mastercard,debit,gmail.com,Missing,Missing,Missing,19
3460968,30.95,W,visa,debit,gmail.com,Missing,Missing,Missing,19
3460969,13.341,C,mastercard,credit,hotmail.com,hotmail.com,desktop,Windows,19
3460970,226.0,W,visa,debit,yahoo.com,Missing,Missing,Missing,19
3460971,59.0,W,mastercard,debit,yahoo.com,Missing,Missing,Missing,19
3460972,59.0,W,visa,debit,att.net,Missing,Missing,Missing,19
3460973,226.0,W,mastercard,debit,hotmail.com,Missing,Missing,Missing,19
3460974,59.0,W,visa,debit,Missing,Missing,Missing,Missing,19
3460975,103.95,W,mastercard,debit,gmail.com,Missing,Missing,Missing,19
3460976,171.0,W,mastercard,credit,gmail.com,Missing,Missing,Missing,19
3460977,49.0,W,visa,debit,gmail.com,Missing,Missing,Missing,19
3460978,50.0,S,mastercard,credit,Missing,hotmail.com,desktop,Trident/7.0,19
3460979,113.0,W,visa,debit,hotmail.com,Missing,Missing,Missing,19
3460980,77.95,W,mastercard,debit,Missing,Missing,Missing,Missing,19
3460981,31.95,W,visa,debit,gmail.com,Missing,Missing,Missing,19
3460982,3391.0,W,visa,credit,bellsouth.net,Missing,Missing,Missing,19
3460983,294.95,W,visa,credit,anonymous.com,Missing,Missing,Missing,19
3460984,37.0,W,mastercard,debit,yahoo.com,Missing,Missing,Missing,19
3460985,59.0,W,visa,debit,Missing,Missing,Missing,Missing,19
3460986,54.0,W,visa,debit,gmail.com,Missing,Missing,Missing,19
3460987,87.0,W,visa,credit,gmail.com,Missing,Missing,Missing,19
3460988,226.0,W,mastercard,debit,gmail.com,Missing,Missing,Missing,19
3460989,15.0,H,mastercard,credit,gmail.com,anonymous.com,mobile,iOS Device,19
3460990,57.95,W,visa,debit,live.com,Missing,Missing,Missing,19
3460991,47.95,W,visa,debit,gmail.com,Missing,Missing,Missing,19
3460992,35.95,W,mastercard,debit,gmail.com,Missing,Missing,Missing,19
3460993,171.0,W,mastercard,debit,yahoo.com,Missing,Missing,Missing,19
3460994,146.0,W,visa,debit,gmail.com,Missing,Missing,Missing,19
3460995,117.0,W,visa,debit,gmail.com,Missing,Missing,Missing,19
3460996,107.0,W,visa,credit,hotmail.com,Missing,Missing,Missing,19
3460997,117.0,W,mastercard,credit,gmail.com,Missing,Missing,Missing,19
3460998,59.0,W,mastercard,debit,Missing,Missing,Missing,Missing,19
3460999,171.0,W,visa,debit,Missing,Missing,Missing,Missing,19
3461000,150.0,R,visa,credit,anonymous.com,anonymous.com,desktop,Windows,19
3461001,50.0,R,american express,credit,hotmail.com,hotmail.com,desktop,Trident/7.0,19
3461002,49.0,W,visa,debit,gmail.com,Missing,Missing,Missing,19
3461003,77.95,W,visa,debit,gmail.com,Missing,Missing,Missing,19
3461004,117.0,W,mastercard,debit,gmail.com,Missing,Missing,Missing,19
3461005,25.95,W,visa,debit,Missing,Missing,Missing,Missing,19
3461006,96.401,C,visa,debit,hotmail.com,hotmail.com,desktop,Trident/7.0,19
3461007,77.0,W,visa,debit,gmail.com,Missing,Missing,Missing,19
3461008,2348.23,W,mastercard,credit,comcast.net,Missing,Missing,Missing,19
3461009,35.95,W,visa,debit,yahoo.com,Missing,Missing,Missing,19
3461010,50.0,R,visa,credit,gmail.com,gmail.com,desktop,Windows,19
3461011,59.0,W,visa,debit,gmail.com,Missing,Missing,Missing,19
3461012,50.0,H,mastercard,credit,anonymous.com,comcast.net,desktop,Windows,19
3461013,54.5,W,visa,debit,hotmail.com,Missing,Missing,Missing,19
3461014,50.0,S,visa,credit,Missing,hotmail.com,mobile,iOS Device,19
3461015,30.0,H,visa,debit,hotmail.com,Missing,mobile,iOS Device,19
3461016,59.0,W,visa,debit,gmail.com,Missing,Missing,Missing,19
3461018,2079.95,W,mastercard,credit,comcast.net,Missing,Missing,Missing,19
3461017,57.95,W,mastercard,debit,gmail.com,Missing,Missing,Missing,19
3461019,54.0,W,mastercard,debit,aol.com,Missing,Missing,Missing,19
3461020,34.0,W,visa,debit,gmail.com,Missing,Missing,Missing,19
3461021,311.95,W,discover,credit,Missing,Missing,Missing,Missing,19
3461022,141.0,W,visa,debit,Missing,Missing,Missing,Missing,19
3461023,49.0,W,mastercard,debit,gmail.com,Missing,Missing,Missing,19
3461024,1100.0,W,visa,debit,gmail.com,Missing,Missing,Missing,19
3461025,176.448,C,visa,debit,gmail.com,gmail.com,desktop,Moto G (4) Build/NPJ25.93-14.7,19
3461026,275.99,W,mastercard,debit,gmail.com,Missing,Missing,Missing,19
3461027,77.0,W,mastercard,debit,ymail.com,Missing,Missing,Missing,19
3461028,117.0,W,mastercard,credit,yahoo.com,Missing,Missing,Missing,19
3461029,29.0,W,visa,debit,yahoo.com,Missing,Missing,Missing,19
3461030,26.252,C,visa,credit,gmail.com,gmail.com,mobile,Missing,19
3461031,171.0,W,visa,debit,gmail.com,Missing,Missing,Missing,19
3461032,59.0,W,visa,debit,yahoo.com,Missing,Missing,Missing,19
3461033,87.95,W,visa,debit,gmail.com,Missing,Missing,Missing,19
3461034,273.23,W,visa,debit,comcast.net,Missing,Missing,Missing,19
3461035,209.95,W,mastercard,debit,Missing,Missing,Missing,Missing,19
3461036,29.0,W,visa,debit,yahoo.com,Missing,Missing,Missing,19
3461037,102.0,W,mastercard,debit,Missing,Missing,Missing,Missing,19
3461038,108.95,W,visa,debit,hotmail.com,Missing,Missing,Missing,19
3461039,154.97,W,visa,debit,gmail.com,Missing,Missing,Missing,19
3461040,20.95,W,mastercard,debit,gmail.com,Missing,Missing,Missing,19
3461041,424.95,W,visa,credit,yahoo.com,Missing,Missing,Missing,19
3461042,59.0,W,visa,credit,yahoo.com,Missing,Missing,Missing,19
3461043,59.0,W,mastercard,debit,gmail.com,Missing,Missing,Missing,19
3461044,117.0,W,visa,debit,aol.com,Missing,Missing,Missing,19
3461045,55.0,S,visa,credit,Missing,gmail.com,desktop,Windows,19
3461046,39.5,W,visa,debit,gmail.com,Missing,Missing,Missing,19
3461047,311.95,W,discover,credit,Missing,Missing,Missing,Missing,19
3461048,117.0,W,visa,debit,gmail.com,Missing,Missing,Missing,19
3461049,69.0,W,mastercard,debit,yahoo.com,Missing,Missing,Missing,19
3461050,59.0,W,visa,credit,gmail.com,Missing,Missing,Missing,19
3461051,107.95,W,visa,debit,yahoo.com,Missing,Missing,Missing,19
3461052,39.95,W,visa,debit,yahoo.com,Missing,Missing,Missing,19
3461053,100.0,R,visa,debit,anonymous.com,anonymous.com,desktop,Trident/7.0,19
3461054,55.0,W,mastercard,debit,yahoo.com,Missing,Missing,Missing,19
3461055,169.95,W,visa,debit,gmail.com,Missing,Missing,Missing,19
3461056,82.0,W,visa,debit,hotmail.com,Missing,Missing,Missing,19
3461057,31.97,C,visa,credit,anonymous.com,anonymous.com,desktop,Missing,19
3461058,335.0,W,visa,debit,yahoo.com,Missing,Missing,Missing,19
3461059,29.0,W,visa,debit,icloud.com,Missing,Missing,Missing,19
3461060,54.99,W,mastercard,debit,sbcglobal.net,Missing,Missing,Missing,19
3461061,176.448,C,mastercard,credit,gmail.com,gmail.com,desktop,Moto G (4) Build/NPJ25.93-14.7,19
3461062,644.95,W,visa,debit,gmail.com,Missing,Missing,Missing,19
3461064,14.879,C,visa,debit,hotmail.com,hotmail.com,mobile,Missing,19
3461063,59.0,W,visa,debit,anonymous.com,Missing,Missing,Missing,19
3461065,584.95,W,visa,debit,gmail.com,Missing,Missing,Missing,19
3461066,24.5,W,visa,debit,gmail.com,Missing,Missing,Missing,19
3461067,1407.95,W,visa,debit,aol.com,Missing,Missing,Missing,19
3461068,64.37,C,mastercard,credit,hotmail.com,hotmail.com,mobile,SAMSUNG SM-G532M Build/MMB29T,19
3461069,25.95,W,visa,debit,gmail.com,Missing,Missing,Missing,19
3461070,134.95,W,visa,debit,yahoo.com,Missing,Missing,Missing,19
3461071,211.0,W,visa,debit,aol.com,Missing,Missing,Missing,19
3461072,77.0,W,visa,debit,gmail.com,Missing,Missing,Missing,19
3461073,24.5,W,visa,debit,yahoo.com,Missing,Missing,Missing,19
3461074,181.0,W,visa,debit,yahoo.com,Missing,Missing,Missing,19
3461075,22.5,W,mastercard,debit,gmail.com,Missing,Missing,Missing,19
3461076,58.95,W,mastercard,debit,gmail.com,Missing,Missing,Missing,19
3461077,57.95,W,mastercard,debit,Missing,Missing,Missing,Missing,19
3461078,59.0,W,mastercard,debit,Missing,Missing,Missing,Missing,19
3461079,1044.95,W,visa,debit,gmail.com,Missing,Missing,Missing,19
3461080,40.823,C,visa,debit,hotmail.com,hotmail.com,mobile,Missing,19
3461082,59.0,W,visa,debit,yahoo.com,Missing,Missing,Missing,19
3461081,35.0,W,visa,debit,gmail.com,Missing,Missing,Missing,19
3461083,524.95,W,visa,debit,aol.com,Missing,Missing,Missing,19
3461084,554.0,W,visa,debit,yahoo.com,Missing,Missing,Missing,19
3461085,39.95,W,visa,debit,gmail.com,Missing,Missing,Missing,19
3461086,40.823,C,visa,debit,hotmail.com,hotmail.com,mobile,Missing,19
3461087,49.0,W,visa,debit,Missing,Missing,Missing,Missing,19
3461088,117.0,W,visa,debit,live.com,Missing,Missing,Missing,19
3461089,59.0,W,visa,credit,gmail.com,Missing,Missing,Missing,19
3461090,34.95,W,visa,debit,gmail.com,Missing,Missing,Missing,19
3461091,40.823,C,visa,debit,hotmail.com,hotmail.com,mobile,Missing,19
3461092,29.5,W,mastercard,debit,yahoo.com,Missing,Missing,Missing,19
3461093,30.95,W,visa,credit,Missing,Missing,Missing,Missing,19
3461094,35.95,W,visa,debit,yahoo.com,Missing,Missing,Missing,19
3461095,117.0,W,visa,debit,Missing,Missing,Missing,Missing,19
3461096,49.0,W,visa,debit,yahoo.com,Missing,Missing,Missing,19
3461097,49.0,W,mastercard,debit,aol.com,Missing,Missing,Missing,19
3461098,40.823,C,visa,debit,hotmail.com,hotmail.com,mobile,Missing,19
3461099,57.95,W,mastercard,debit,yahoo.com,Missing,Missing,Missing,19
3461100,59.0,W,visa,credit,live.com,Missing,Missing,Missing,19
3461101,40.823,C,visa,debit,hotmail.com,hotmail.com,mobile,Missing,19
3461102,108.5,W,visa,debit,gmail.com,Missing,Missing,Missing,19
3461103,125.0,R,mastercard,debit,gmail.com,gmail.com,desktop,rv:11.0,19
3461104,100.0,R,visa,credit,yahoo.com,gmail.com,desktop,rv:11.0,19
3461105,107.95,W,mastercard,debit,gmail.com,Missing,Missing,Missing,19
3461106,108.95,W,visa,debit,yahoo.com,Missing,Missing,Missing,19
3461107,82.95,W,mastercard,credit,anonymous.com,Missing,Missing,Missing,19
3461108,226.0,W,visa,debit,gmail.com,Missing,Missing,Missing,19
3461109,150.0,R,visa,credit,yahoo.com,aol.com,desktop,Windows,19
3461110,59.0,W,mastercard,debit,yahoo.com,Missing,Missing,Missing,19
3461111,117.0,W,mastercard,credit,aol.com,Missing,Missing,Missing,19
3461112,54.0,W,mastercard,debit,aol.com,Missing,Missing,Missing,19
3461113,309.31,W,discover,credit,gmail.com,Missing,Missing,Missing,19
3461114,45.741,C,visa,credit,hotmail.com,hotmail.com,desktop,Trident/7.0,19
3461115,335.0,W,mastercard,debit,aol.com,Missing,Missing,Missing,19
3461116,57.0,W,mastercard,credit,gmail.com,Missing,Missing,Missing,19
3461117,39.0,W,visa,debit,gmail.com,Missing,Missing,Missing,19
3461118,280.0,W,visa,credit,yahoo.com,Missing,Missing,Missing,19
3461119,45.0,W,visa,debit,anonymous.com,Missing,Missing,Missing,19
3461120,97.0,W,mastercard,credit,yahoo.com,Missing,Missing,Missing,19
3461121,25.95,W,visa,debit,gmail.com,Missing,Missing,Missing,19
3461122,97.95,W,visa,debit,gmail.com,Missing,Missing,Missing,19
3461123,278.95,W,visa,credit,Missing,Missing,Missing,Missing,19
3461124,49.0,W,visa,debit,yahoo.com,Missing,Missing,Missing,19
3461125,250.0,R,visa,credit,anonymous.com,anonymous.com,desktop,Windows,19
3461126,57.95,W,mastercard,debit,yahoo.com,Missing,Missing,Missing,19
3461127,79.95,W,visa,debit,Missing,Missing,Missing,Missing,19
3461128,20.95,W,mastercard,debit,gmail.com,Missing,Missing,Missing,19
3461129,1104.0,W,mastercard,credit,gmail.com,Missing,Missing,Missing,19
3461130,77.0,W,visa,credit,gmail.com,Missing,Missing,Missing,19
3461131,92.0,W,visa,debit,yahoo.com,Missing,Missing,Missing,19
3461132,59.0,W,visa,debit,gmail.com,Missing,Missing,Missing,19
3461133,54.5,W,mastercard,credit,gmail.com,Missing,Missing,Missing,19
3461134,47.95,W,mastercard,debit,yahoo.com,Missing,Missing,Missing,19
3461135,39.0,W,mastercard,debit,aol.com,Missing,Missing,Missing,19
3461136,59.0,W,mastercard,debit,gmail.com,Missing,Missing,Missing,19
3461137,50.0,H,visa,credit,hotmail.com,gmail.com,mobile,iOS Device,19
3461138,47.95,W,mastercard,debit,sbcglobal.net,Missing,Missing,Missing,19
3461139,226.0,W,visa,debit,gmail.com,Missing,Missing,Missing,19
3461140,117.0,W,mastercard,credit,Missing,Missing,Missing,Missing,19
3461141,49.0,W,mastercard,debit,roadrunner.com,Missing,Missing,Missing,19
3461142,20.0,W,visa,credit,gmail.com,Missing,Missing,Missing,19
3461143,43.97,W,visa,debit,yahoo.com,Missing,Missing,Missing,19
3461144,54.5,W,visa,debit,gmail.com,Missing,Missing,Missing,19
3461145,39.0,W,visa,debit,Missing,Missing,Missing,Missing,19
3461146,100.0,W,mastercard,debit,att.net,Missing,Missing,Missing,19
3461147,107.95,W,mastercard,debit,gmail.com,Missing,Missing,Missing,19
3461148,41.683,C,visa,credit,hotmail.com,hotmail.com,mobile,HUAWEI VNS-L31 Build/HUAWEIVNS-L31,19
3461149,40.823,C,visa,debit,hotmail.com,hotmail.com,mobile,Missing,19
3461150,93.97,W,mastercard,credit,yahoo.com,Missing,Missing,Missing,19
3461151,75.0,R,visa,credit,cox.net,cox.net,mobile,iOS Device,19
3461152,92.0,W,visa,debit,yahoo.com,Missing,Missing,Missing,19
3461153,59.0,W,mastercard,debit,Missing,Missing,Missing,Missing,19
3461154,39.0,W,mastercard,debit,Missing,Missing,Missing,Missing,19
3461155,117.0,W,visa,debit,yahoo.com,Missing,Missing,Missing,19
3461156,28.158,C,mastercard,credit,gmail.com,gmail.com,desktop,Missing,19
3461157,117.0,W,visa,debit,yahoo.com,Missing,Missing,Missing,19
3461158,171.0,W,visa,debit,gmail.com,Missing,Missing,Missing,19
3461159,29.0,W,visa,debit,gmail.com,Missing,Missing,Missing,19
3461160,117.0,W,visa,debit,yahoo.com,Missing,Missing,Missing,19
3461161,117.0,W,visa,debit,anonymous.com,Missing,Missing,Missing,20
3461162,108.95,W,visa,debit,gmail.com,Missing,Missing,Missing,20
3461163,31.95,W,visa,debit,gmail.com,Missing,Missing,Missing,20
3461164,117.0,W,visa,debit,hotmail.com,Missing,Missing,Missing,20
3461165,49.0,W,mastercard,debit,aol.com,Missing,Missing,Missing,20
3461166,117.0,W,mastercard,debit,aol.com,Missing,Missing,Missing,20
3461167,107.95,W,mastercard,debit,icloud.com,Missing,Missing,Missing,20
3461168,250.0,R,visa,credit,gmail.com,anonymous.com,mobile,iOS Device,20
3461169,28.158,C,mastercard,credit,gmail.com,gmail.com,desktop,Missing,20
3461170,57.95,W,visa,debit,Missing,Missing,Missing,Missing,20
3461171,250.0,R,visa,credit,gmail.com,anonymous.com,mobile,iOS Device,20
3461172,75.0,H,mastercard,credit,sbcglobal.net,Missing,desktop,Trident/7.0,20
3461173,117.0,W,visa,debit,yahoo.com,Missing,Missing,Missing,20
3461174,117.0,W,visa,debit,yahoo.com,Missing,Missing,Missing,20
3461175,330.99,W,visa,debit,yahoo.com,Missing,Missing,Missing,20
3461176,250.0,R,visa,debit,gmail.com,anonymous.com,mobile,iOS Device,20
3461177,272.0,W,mastercard,debit,hotmail.com,Missing,Missing,Missing,20
3461178,34.5,W,visa,debit,gmail.com,Missing,Missing,Missing,20
3461179,15.0,W,visa,debit,gmail.com,Missing,Missing,Missing,20
3461181,53.97,W,visa,debit,gmail.com,Missing,Missing,Missing,20
3461180,107.95,W,visa,debit,gmail.com,Missing,Missing,Missing,20
3461182,330.99,W,visa,credit,yahoo.com,Missing,Missing,Missing,20
3461183,1164.95,W,visa,credit,gmail.com,Missing,Missing,Missing,20
3461184,25.95,W,visa,debit,gmail.com,Missing,Missing,Missing,20
3461185,49.0,W,mastercard,debit,yahoo.com,Missing,Missing,Missing,20
3461186,42.95,W,visa,debit,yahoo.com,Missing,Missing,Missing,20
3461187,47.95,W,mastercard,debit,comcast.net,Missing,Missing,Missing,20
3461188,39.0,W,visa,credit,gmail.com,Missing,Missing,Missing,20
3461189,30.95,W,visa,debit,Missing,Missing,Missing,Missing,20
3461190,171.0,W,visa,debit,gmail.com,Missing,Missing,Missing,20
3461191,50.0,H,mastercard,debit,gmail.com,Missing,mobile,iOS Device,20
3461192,28.158,C,visa,credit,gmail.com,gmail.com,desktop,Missing,20
3461193,312.95,W,visa,debit,Missing,Missing,Missing,Missing,20
3461194,117.0,W,visa,debit,comcast.net,Missing,Missing,Missing,20
3461195,195.95,W,visa,credit,Missing,Missing,Missing,Missing,20
3461196,30.95,W,visa,debit,Missing,Missing,Missing,Missing,20
3461197,226.0,W,discover,credit,mail.com,Missing,Missing,Missing,20
3461198,210.99,W,visa,debit,gmail.com,Missing,Missing,Missing,20
3461199,34.0,W,visa,debit,gmail.com,Missing,Missing,Missing,20
3461200,54.0,W,visa,debit,gmail.com,Missing,Missing,Missing,20
3461201,59.0,W,visa,debit,gmail.com,Missing,Missing,Missing,20
3461202,117.0,W,visa,debit,yahoo.com,Missing,Missing,Missing,20
3461203,59.0,W,visa,debit,gmail.com,Missing,Missing,Missing,20
3461204,12.542,C,visa,debit,gmail.com,gmail.com,mobile,8050G Build/LMY47I,20
3461205,117.0,W,visa,debit,Missing,Missing,Missing,Missing,20
3461206,87.95,W,visa,debit,anonymous.com,Missing,Missing,Missing,20
3461207,54.5,W,visa,debit,yahoo.com,Missing,Missing,Missing,20
3461208,245.0,W,visa,debit,gmail.com,Missing,Missing,Missing,20
3461209,25.95,W,visa,debit,gmail.com,Missing,Missing,Missing,20
3461210,120.95,W,visa,debit,yahoo.com,Missing,Missing,Missing,20
3461211,63.97,W,visa,debit,Missing,Missing,Missing,Missing,20
3461212,35.95,W,visa,debit,gmail.com,Missing,Missing,Missing,20
3461213,109.0,W,visa,debit,aol.com,Missing,Missing,Missing,20
3461214,117.0,W,visa,debit,aol.com,Missing,Missing,Missing,20
3461215,130.95,W,mastercard,credit,yahoo.com,Missing,Missing,Missing,20
3461216,337.92,W,visa,debit,Missing,Missing,Missing,Missing,20
3461217,146.0,W,visa,debit,Missing,Missing,Missing,Missing,20
3461218,149.95,W,visa,debit,yahoo.com,Missing,Missing,Missing,20
3461219,117.0,W,visa,debit,gmail.com,Missing,Missing,Missing,20
3461220,59.0,W,visa,debit,gmail.com,Missing,Missing,Missing,20
3461221,117.0,W,visa,debit,yahoo.com,Missing,Missing,Missing,20
3461222,77.95,W,visa,debit,Missing,Missing,Missing,Missing,20
3461223,25.0,H,visa,credit,gmail.com,gmail.com,desktop,Windows,20
3461224,443.0,W,visa,debit,gmail.com,Missing,Missing,Missing,20
3461225,57.95,W,mastercard,debit,gmail.com,Missing,Missing,Missing,20
3461226,67.95,W,visa,debit,Missing,Missing,Missing,Missing,20
3461227,35.95,W,visa,debit,gmail.com,Missing,Missing,Missing,20
3461228,1104.0,W,discover,credit,gmail.com,Missing,Missing,Missing,20
3461229,117.0,W,mastercard,debit,Missing,Missing,Missing,Missing,20
3461230,226.0,W,mastercard,debit,yahoo.com,Missing,Missing,Missing,20
3461231,100.0,R,mastercard,credit,hotmail.com,hotmail.com,desktop,Windows,20
3461232,57.545,C,visa,credit,hotmail.com,hotmail.com,mobile,Missing,20
3461233,117.0,W,mastercard,debit,Missing,Missing,Missing,Missing,20
3461234,117.0,W,visa,credit,anonymous.com,Missing,Missing,Missing,20
3461235,30.0,S,mastercard,credit,Missing,yahoo.com,desktop,Windows,20
3461236,59.0,W,mastercard,debit,gmail.com,Missing,Missing,Missing,20
3461237,31.355,C,mastercard,credit,gmail.com,gmail.com,mobile,SAMSUNG SM-G950F Build/NRD90M,20
3461238,39.0,W,visa,debit,anonymous.com,Missing,Missing,Missing,20
3461239,25.95,W,visa,debit,Missing,Missing,Missing,Missing,20
3461240,59.0,W,visa,debit,yahoo.com,Missing,Missing,Missing,20
3461241,20.95,W,visa,debit,anonymous.com,Missing,Missing,Missing,20
3461242,159.95,W,mastercard,credit,yahoo.com,Missing,Missing,Missing,20
3461243,87.0,W,visa,credit,anonymous.com,Missing,Missing,Missing,20
3461244,92.0,W,visa,debit,gmail.com,Missing,Missing,Missing,20
3461245,59.0,W,visa,debit,icloud.com,Missing,Missing,Missing,20
3461246,59.0,W,visa,debit,yahoo.com,Missing,Missing,Missing,20
3461247,68.95,W,visa,debit,gmail.com,Missing,Missing,Missing,20
3461248,97.0,W,visa,debit,gmail.com,Missing,Missing,Missing,20
3461249,77.0,W,visa,debit,yahoo.com,Missing,Missing,Missing,20
3461250,59.0,W,visa,debit,yahoo.com,Missing,Missing,Missing,20
3461251,35.95,W,visa,debit,gmail.com,Missing,Missing,Missing,20
3461252,59.0,W,visa,debit,gmail.com,Missing,Missing,Missing,20
3461253,30.003,C,visa,credit,gmail.com,gmail.com,mobile,Moto G Play Build/NPIS26.48-36-2,20
3461254,100.0,S,american express,credit,Missing,gmail.com,desktop,Windows,20
3461255,107.95,W,mastercard,debit,gmail.com,Missing,Missing,Missing,20
3461256,112.99,W,mastercard,debit,gmail.com,Missing,Missing,Missing,20
3461257,49.0,W,visa,debit,gmail.com,Missing,Missing,Missing,20
3461258,400.0,W,mastercard,debit,gmail.com,Missing,Missing,Missing,20
3461259,232.95,W,visa,credit,Missing,Missing,Missing,Missing,20
3461260,30.003,C,visa,credit,gmail.com,gmail.com,mobile,Moto G Play Build/NPIS26.48-36-2,20
3461261,150.0,H,visa,credit,gmail.com,anonymous.com,desktop,Windows,20
3461262,100.0,R,mastercard,credit,gmail.com,yahoo.com,desktop,Missing,20
3461263,39.0,W,visa,debit,gmail.com,Missing,Missing,Missing,20
3461264,112.99,W,visa,debit,gmail.com,Missing,Missing,Missing,20
3461265,107.95,W,mastercard,debit,gmail.com,Missing,Missing,Missing,20
3461266,150.0,H,visa,credit,gmail.com,gmail.com,desktop,Windows,20
3461267,100.0,R,mastercard,credit,gmail.com,yahoo.com,desktop,Missing,20
3461268,150.0,H,visa,credit,gmail.com,gmail.com,desktop,Windows,20
3461269,107.95,W,visa,debit,yahoo.com,Missing,Missing,Missing,20
3461270,107.95,W,visa,debit,Missing,Missing,Missing,Missing,20
3461271,1104.0,W,discover,credit,gmail.com,Missing,Missing,Missing,20
3461272,150.0,R,american express,credit,yahoo.com,gmail.com,desktop,Windows,20
3461273,62.95,W,visa,debit,Missing,Missing,Missing,Missing,20
3461274,54.0,W,visa,debit,comcast.net,Missing,Missing,Missing,20
3461275,59.0,W,visa,debit,Missing,Missing,Missing,Missing,20
3461276,150.0,H,visa,credit,gmail.com,gmail.com,desktop,Windows,20
3461277,117.0,W,visa,debit,gmail.com,Missing,Missing,Missing,20
3461278,323.0,W,discover,credit,yahoo.com,Missing,Missing,Missing,20
3461279,39.0,W,mastercard,debit,yahoo.com,Missing,Missing,Missing,20
3461280,226.0,W,mastercard,debit,gmail.com,Missing,Missing,Missing,20
3461281,994.0,W,mastercard,credit,aol.com,Missing,Missing,Missing,20
3461282,226.0,W,visa,debit,gmail.com,Missing,Missing,Missing,20
3461283,159.95,W,visa,debit,yahoo.com,Missing,Missing,Missing,20
3461284,500.0,R,mastercard,debit,anonymous.com,anonymous.com,desktop,MacOS,20
3461285,73.0,W,visa,debit,gmail.com,Missing,Missing,Missing,20
3461286,57.95,W,visa,debit,yahoo.com,Missing,Missing,Missing,20
3461287,315.95,W,visa,credit,yahoo.com,Missing,Missing,Missing,20
3461288,40.0,S,visa,credit,Missing,hotmail.com,desktop,Windows,20
3461289,117.0,W,visa,debit,aol.com,Missing,Missing,Missing,20
3461290,39.0,W,visa,debit,gmail.com,Missing,Missing,Missing,20
3461291,59.0,W,visa,debit,Missing,Missing,Missing,Missing,20
3461292,117.0,W,visa,debit,anonymous.com,Missing,Missing,Missing,20
3461293,30.95,W,visa,debit,Missing,Missing,Missing,Missing,20
3461294,29.0,W,visa,debit,Missing,Missing,Missing,Missing,20
3461295,117.0,W,visa,debit,aol.com,Missing,Missing,Missing,20
3461296,150.0,R,mastercard,credit,anonymous.com,anonymous.com,desktop,Windows,20
3461297,30.003,C,visa,credit,gmail.com,gmail.com,Missing,Missing,20
3461298,17.829,C,mastercard,debit,gmail.com,gmail.com,mobile,SM-J500M Build/LMY48B,20
3461299,59.0,W,mastercard,debit,yahoo.com,Missing,Missing,Missing,20
3461300,50.0,R,visa,credit,anonymous.com,anonymous.com,desktop,Trident/7.0,20
3461301,49.0,W,mastercard,debit,gmail.com,Missing,Missing,Missing,20
3461302,39.95,W,visa,debit,gmail.com,Missing,Missing,Missing,20
3461303,39.0,W,visa,debit,yahoo.com,Missing,Missing,Missing,20
3461304,44.0,W,mastercard,debit,gmail.com,Missing,Missing,Missing,20
3461305,83.0,W,mastercard,debit,gmail.com,Missing,Missing,Missing,20
3461306,206.0,W,visa,debit,gmail.com,Missing,Missing,Missing,20
3461307,117.0,W,visa,debit,gmail.com,Missing,Missing,Missing,20
3461308,964.89,W,mastercard,credit,Missing,Missing,Missing,Missing,20
3461309,226.0,W,visa,debit,gmail.com,Missing,Missing,Missing,20
3461310,113.0,W,mastercard,debit,gmail.com,Missing,Missing,Missing,20
3461311,31.0,W,visa,debit,yahoo.com,Missing,Missing,Missing,20
3461312,59.0,W,visa,debit,Missing,Missing,Missing,Missing,20
3461313,32.0,W,visa,debit,gmail.com,Missing,Missing,Missing,20
3461314,97.0,W,visa,debit,gmail.com,Missing,Missing,Missing,20
3461316,30.003,C,mastercard,credit,gmail.com,gmail.com,Missing,Missing,20
3461315,59.95,W,visa,debit,anonymous.com,Missing,Missing,Missing,20
3461317,59.0,W,visa,debit,gmail.com,Missing,Missing,Missing,20
3461318,59.0,W,mastercard,debit,yahoo.com,Missing,Missing,Missing,20
3461319,117.0,W,visa,debit,gmail.com,Missing,Missing,Missing,20
3461320,29.0,W,visa,debit,Missing,Missing,Missing,Missing,20
3461321,107.95,W,mastercard,debit,outlook.com,Missing,Missing,Missing,20
3461322,39.95,W,visa,debit,gmail.com,Missing,Missing,Missing,20
3461323,117.0,W,visa,debit,gmail.com,Missing,Missing,Missing,20
3461324,504.6,W,visa,credit,Missing,Missing,Missing,Missing,20
3461325,226.0,W,visa,debit,gmail.com,Missing,Missing,Missing,20
3461326,30.95,W,visa,debit,live.com,Missing,Missing,Missing,20
3461327,226.0,W,mastercard,debit,aol.com,Missing,Missing,Missing,20
3461328,226.0,W,visa,debit,Missing,Missing,Missing,Missing,20
3461329,370.0,W,visa,debit,gmail.com,Missing,Missing,Missing,20
3461330,4.181,C,visa,debit,gmail.com,gmail.com,mobile,Ilium LT510 Build/MRA58K,20
3461331,226.0,W,visa,debit,yahoo.com,Missing,Missing,Missing,20
3461332,49.0,W,visa,debit,gmail.com,Missing,Missing,Missing,20
3461333,77.95,W,visa,debit,live.com,Missing,Missing,Missing,20
3461334,16.969,C,mastercard,debit,gmail.com,gmail.com,desktop,SM-E500M Build/KTU84P,20
3461335,25.95,W,visa,debit,Missing,Missing,Missing,Missing,20
3461336,77.0,W,visa,debit,Missing,Missing,Missing,Missing,20
3461337,87.95,W,visa,debit,gmail.com,Missing,Missing,Missing,20
3461338,226.0,W,visa,credit,yahoo.com,Missing,Missing,Missing,20
3461339,160.5,W,mastercard,debit,gmail.com,Missing,Missing,Missing,20
3461340,30.003,C,mastercard,credit,gmail.com,gmail.com,Missing,Missing,20
3461341,213.0,W,visa,credit,yahoo.com,Missing,Missing,Missing,20
3461342,58.95,W,visa,debit,hotmail.com,Missing,Missing,Missing,20
3461343,226.0,W,visa,debit,gmail.com,Missing,Missing,Missing,20
3461344,160.5,W,visa,credit,yahoo.com,Missing,Missing,Missing,20
3461345,39.0,W,visa,debit,gmail.com,Missing,Missing,Missing,20
3461346,69.0,W,mastercard,debit,yahoo.com,Missing,Missing,Missing,20
3461347,114.95,W,visa,credit,hotmail.com,Missing,Missing,Missing,20
3461348,365.0,W,visa,debit,hotmail.com,Missing,Missing,Missing,20
3461349,39.0,W,visa,debit,hotmail.com,Missing,Missing,Missing,20
3461350,34.0,W,mastercard,debit,gmail.com,Missing,Missing,Missing,20
3461351,50.0,W,visa,debit,yahoo.com,Missing,Missing,Missing,20
3461352,59.0,W,mastercard,debit,gmail.com,Missing,Missing,Missing,20
3461353,209.95,W,visa,debit,yahoo.com,Missing,Missing,Missing,20
3461354,335.0,W,mastercard,debit,yahoo.com,Missing,Missing,Missing,20
3461355,34.0,W,mastercard,debit,gmail.com,Missing,Missing,Missing,20
3461356,107.47,W,visa,credit,hotmail.com,Missing,Missing,Missing,21
3461357,52.95,W,visa,debit,gmail.com,Missing,Missing,Missing,21
3461358,68.95,W,visa,debit,Missing,Missing,Missing,Missing,21
3461359,30.003,C,visa,credit,gmail.com,gmail.com,Missing,Missing,21
3461360,57.95,W,visa,debit,hotmail.com,Missing,Missing,Missing,21
3461361,52.95,W,visa,debit,gmail.com,Missing,Missing,Missing,21
3461362,12.173,C,visa,debit,anonymous.com,anonymous.com,desktop,Windows,21
3461363,59.0,W,mastercard,debit,yahoo.com,Missing,Missing,Missing,21
3461364,69.0,W,mastercard,debit,yahoo.com,Missing,Missing,Missing,21
3461365,59.0,W,mastercard,credit,Missing,Missing,Missing,Missing,21
3461366,117.0,W,visa,debit,gmail.com,Missing,Missing,Missing,21
3461367,209.95,W,visa,credit,gmail.com,Missing,Missing,Missing,21
3461368,34.0,W,mastercard,debit,gmail.com,Missing,Missing,Missing,21
3461369,161.0,W,visa,debit,gmail.com,Missing,Missing,Missing,21
3461370,51.95,W,visa,debit,gmail.com,Missing,Missing,Missing,21
3461371,161.0,W,visa,debit,gmail.com,Missing,Missing,Missing,21
3461372,171.0,W,visa,debit,gmail.com,Missing,Missing,Missing,21
3461373,994.0,W,mastercard,credit,aol.com,Missing,Missing,Missing,21
3461374,77.0,W,visa,debit,gmail.com,Missing,Missing,Missing,21
3461375,200.0,R,visa,credit,anonymous.com,hotmail.com,desktop,Windows,21
3461376,36.95,W,visa,debit,gmail.com,Missing,Missing,Missing,21
3461377,9.837,C,mastercard,debit,hotmail.com,hotmail.com,mobile,SAMSUNG SM-G610M Build/MMB29K,21
3461378,280.0,W,visa,debit,gmail.com,Missing,Missing,Missing,21
3461379,213.0,W,visa,debit,gmail.com,Missing,Missing,Missing,21
3461380,117.0,W,visa,debit,yahoo.com,Missing,Missing,Missing,21
3461381,67.95,W,mastercard,debit,gmail.com,Missing,Missing,Missing,21
3461382,12.5,W,visa,debit,gmail.com,Missing,Missing,Missing,21
3461383,21.395,C,mastercard,debit,hotmail.com,hotmail.com,mobile,SM-G570M Build/MMB29K,21
3461384,317.5,W,visa,debit,gmail.com,Missing,Missing,Missing,21
3461385,25.95,W,visa,debit,yahoo.com,Missing,Missing,Missing,21
3461386,30.95,W,visa,debit,yahoo.com,Missing,Missing,Missing,21
3461387,39.0,W,visa,debit,Missing,Missing,Missing,Missing,21
3461388,226.0,W,visa,debit,yahoo.com,Missing,Missing,Missing,21
3461389,57.95,W,visa,debit,gmail.com,Missing,Missing,Missing,21
3461390,117.0,W,visa,debit,gmail.com,Missing,Missing,Missing,21
3461391,59.0,W,visa,debit,juno.com,Missing,Missing,Missing,21
3461392,130.95,W,visa,debit,gmail.com,Missing,Missing,Missing,21
3461393,35.95,W,visa,debit,ymail.com,Missing,Missing,Missing,21
3461394,39.0,W,visa,debit,Missing,Missing,Missing,Missing,21
3461395,50.0,H,visa,debit,anonymous.com,gmail.com,desktop,Windows,21
3461396,226.0,W,visa,debit,yahoo.com,Missing,Missing,Missing,21
3461397,50.0,H,visa,debit,msn.com,hotmail.com,desktop,Windows,21
3461398,140.5,W,visa,credit,yahoo.com,Missing,Missing,Missing,21
3461399,117.0,W,visa,debit,gmail.com,Missing,Missing,Missing,21
3461400,32.97,W,mastercard,debit,gmail.com,Missing,Missing,Missing,21
3461401,107.95,W,visa,debit,gmail.com,Missing,Missing,Missing,21
3461402,25.95,W,mastercard,debit,gmail.com,Missing,Missing,Missing,21
3461403,29.0,W,visa,debit,gmail.com,Missing,Missing,Missing,21
3461404,29.0,W,visa,debit,gmail.com,Missing,Missing,Missing,21
3461405,117.0,W,visa,debit,gmail.com,Missing,Missing,Missing,21
3461406,1559.0,W,visa,debit,gmail.com,Missing,Missing,Missing,21
3461407,80.17,C,visa,debit,gmail.com,gmail.com,mobile,SM-N910T Build/LMY47X,21
3461408,44.0,W,mastercard,debit,gmail.com,Missing,Missing,Missing,21
3461409,67.95,W,visa,debit,gmail.com,Missing,Missing,Missing,21
3461410,57.95,W,visa,credit,aol.com,Missing,Missing,Missing,21
3461411,107.95,W,visa,debit,yahoo.com,Missing,Missing,Missing,21
3461412,39.0,W,visa,credit,bellsouth.net,Missing,Missing,Missing,21
3461413,92.0,W,visa,debit,gmail.com,Missing,Missing,Missing,21
3461414,59.0,W,visa,debit,hotmail.com,Missing,Missing,Missing,21
3461415,25.95,W,visa,debit,Missing,Missing,Missing,Missing,21
3461416,57.95,W,mastercard,debit,yahoo.com,Missing,Missing,Missing,21
3461417,107.95,W,visa,debit,gmail.com,Missing,Missing,Missing,21
3461418,29.0,W,visa,debit,gmail.com,Missing,Missing,Missing,21
3461419,49.0,W,visa,debit,Missing,Missing,Missing,Missing,21
3461420,47.708,C,mastercard,credit,gmail.com,gmail.com,mobile,Missing,21
3461421,58.95,W,visa,debit,gmail.com,Missing,Missing,Missing,21
3461422,750.0,S,mastercard,credit,Missing,Missing,desktop,Windows,21
3461423,29.5,W,mastercard,debit,yahoo.com,Missing,Missing,Missing,21
3461424,92.0,W,visa,debit,Missing,Missing,Missing,Missing,21
3461425,29.0,W,visa,debit,gmail.com,Missing,Missing,Missing,21
3461426,59.0,W,visa,debit,gmail.com,Missing,Missing,Missing,21
3461427,435.95,W,visa,credit,Missing,Missing,Missing,Missing,21
3461428,57.95,W,visa,debit,Missing,Missing,Missing,Missing,21
3461429,214.0,W,visa,debit,aol.com,Missing,Missing,Missing,21
3461430,50.0,S,visa,debit,Missing,gmail.com,mobile,Missing,21
3461431,54.0,W,mastercard,debit,Missing,Missing,Missing,Missing,21
3461432,25.0,H,visa,debit,att.net,att.net,desktop,MacOS,21
3461433,999.95,W,visa,credit,gmail.com,Missing,Missing,Missing,21
3461434,117.0,W,visa,debit,gmail.com,Missing,Missing,Missing,21
3461435,824.03,W,mastercard,debit,gmail.com,Missing,Missing,Missing,21
3461436,44.5,W,visa,debit,yahoo.com,Missing,Missing,Missing,21
3461437,25.0,H,visa,debit,gmail.com,Missing,desktop,Windows,21
3461438,59.0,W,visa,debit,gmail.com,Missing,Missing,Missing,21
3461439,193.0,W,visa,credit,yahoo.com,Missing,Missing,Missing,21
3461440,117.0,W,visa,debit,gmail.com,Missing,Missing,Missing,21
3461441,54.0,W,visa,debit,outlook.com,Missing,Missing,Missing,21
3461442,30.0,W,visa,debit,yahoo.com,Missing,Missing,Missing,21
3461443,250.0,R,mastercard,debit,gmail.com,gmail.com,mobile,SM-N950U Build/R16NW,21
3461444,213.0,W,visa,debit,yahoo.com,Missing,Missing,Missing,21
3461445,30.95,W,mastercard,debit,Missing,Missing,Missing,Missing,21
3461446,100.0,R,visa,debit,gmail.com,gmail.com,mobile,iOS Device,21
3461447,250.0,R,mastercard,debit,gmail.com,gmail.com,mobile,SM-N950U Build/R16NW,21
3461448,82.137,C,visa,credit,gmail.com,gmail.com,desktop,Missing,21
3461449,26.95,W,visa,debit,hotmail.com,Missing,Missing,Missing,21
3461450,231.99,W,mastercard,credit,Missing,Missing,Missing,Missing,21
3461451,17.214,C,mastercard,debit,anonymous.com,anonymous.com,desktop,Windows,21
3461452,29.0,W,mastercard,debit,yahoo.com,Missing,Missing,Missing,21
3461453,59.0,W,mastercard,debit,gmail.com,Missing,Missing,Missing,21
3461454,17.214,C,mastercard,debit,anonymous.com,anonymous.com,desktop,Windows,21
3461455,204.97,W,visa,debit,yahoo.com,Missing,Missing,Missing,21
3461456,50.0,W,visa,debit,outlook.com,Missing,Missing,Missing,21
3461457,150.0,R,visa,credit,anonymous.com,anonymous.com,mobile,iOS Device,21
3461458,135.01,C,visa,debit,hotmail.com,hotmail.com,desktop,Missing,21
3461459,445.0,W,visa,credit,Missing,Missing,Missing,Missing,21
3461460,117.0,W,visa,debit,Missing,Missing,Missing,Missing,21
3461461,59.0,W,visa,debit,Missing,Missing,Missing,Missing,21
3461462,17.214,C,mastercard,debit,anonymous.com,anonymous.com,desktop,Windows,21
3461463,163.045,C,visa,credit,yahoo.com,yahoo.com,desktop,Missing,21
3461464,209.95,W,visa,debit,yahoo.com,Missing,Missing,Missing,21
3461465,245.0,W,visa,debit,yahoo.com,Missing,Missing,Missing,21
3461466,209.95,W,visa,debit,gmail.com,Missing,Missing,Missing,21
3461467,117.0,W,mastercard,debit,gmail.com,Missing,Missing,Missing,21
3461468,135.01,C,visa,debit,hotmail.com,hotmail.com,desktop,Missing,21
3461469,77.0,W,visa,debit,gmail.com,Missing,Missing,Missing,21
3461470,59.513,C,mastercard,credit,gmail.com,gmail.com,mobile,SM-G920P Build/NRD90M,21
3461471,44.95,W,visa,debit,Missing,Missing,Missing,Missing,21
3461472,49.0,W,mastercard,debit,gmail.com,Missing,Missing,Missing,21
3461473,100.0,H,visa,debit,yahoo.com,gmail.com,mobile,SM-G965U Build/R16NW,21
3461474,163.045,C,visa,credit,yahoo.com,yahoo.com,desktop,Missing,21
3461475,57.95,W,mastercard,debit,gmail.com,Missing,Missing,Missing,21
3461476,59.513,C,mastercard,debit,gmail.com,gmail.com,mobile,SM-G920P Build/NRD90M,21
3461477,75.0,R,visa,debit,yahoo.com,anonymous.com,desktop,MacOS,21
3461478,209.95,W,visa,credit,yahoo.com,Missing,Missing,Missing,21
3461479,54.5,W,mastercard,debit,gmail.com,Missing,Missing,Missing,21
3461480,19.366,C,visa,credit,hotmail.com,hotmail.com,mobile,HTC Desire 626s Build/LMY47O,21
3461481,549.99,W,visa,debit,gmail.com,Missing,Missing,Missing,21
3461482,59.513,C,visa,debit,gmail.com,gmail.com,mobile,SM-G920P Build/NRD90M,21
3461483,24.0,W,visa,debit,gmail.com,Missing,Missing,Missing,21
3461484,117.0,W,visa,debit,yahoo.com,Missing,Missing,Missing,21
3461485,364.95,W,visa,debit,gmail.com,Missing,Missing,Missing,21
3461486,27.297,C,visa,debit,hotmail.com,hotmail.com,mobile,Missing,21
3461487,15.95,W,mastercard,debit,gmail.com,Missing,Missing,Missing,21
3461488,209.95,W,visa,debit,aol.com,Missing,Missing,Missing,21
3461489,50.0,R,american express,credit,anonymous.com,anonymous.com,desktop,MacOS,21
3461490,117.0,W,visa,debit,gmail.com,Missing,Missing,Missing,21
3461491,39.0,W,visa,debit,ymail.com,Missing,Missing,Missing,21
3461492,57.95,W,visa,credit,Missing,Missing,Missing,Missing,21
3461493,107.95,W,visa,debit,gmail.com,Missing,Missing,Missing,21
3461494,498.0,W,mastercard,debit,gmail.com,Missing,Missing,Missing,21
3461495,44.0,W,visa,debit,gmail.com,Missing,Missing,Missing,21
3461496,14.448,C,visa,credit,anonymous.com,anonymous.com,desktop,Windows,21
3461497,26.95,W,visa,debit,gmail.com,Missing,Missing,Missing,21
3461498,11.804,C,visa,debit,outlook.com,outlook.com,mobile,Missing,21
3461499,97.0,W,visa,debit,yahoo.com,Missing,Missing,Missing,21
3461500,100.0,R,visa,credit,gmail.com,anonymous.com,desktop,Windows,21
3461501,49.0,W,visa,credit,gmail.com,Missing,Missing,Missing,21
3461502,39.0,W,mastercard,debit,gmail.com,Missing,Missing,Missing,21
3461503,159.0,W,mastercard,debit,aol.com,Missing,Missing,Missing,21
3461504,108.95,W,mastercard,debit,yahoo.com,Missing,Missing,Missing,21
3461505,107.95,W,mastercard,debit,gmail.com,Missing,Missing,Missing,21
3461506,107.95,W,mastercard,debit,gmail.com,Missing,Missing,Missing,21
3461507,34.0,W,mastercard,debit,gmail.com,Missing,Missing,Missing,21
3461508,226.0,W,visa,debit,yahoo.com,Missing,Missing,Missing,21
3461509,53.95,W,visa,debit,yahoo.com,Missing,Missing,Missing,21
3461510,117.0,W,visa,debit,Missing,Missing,Missing,Missing,21
3461511,53.95,W,visa,debit,yahoo.com,Missing,Missing,Missing,21
3461512,97.0,W,visa,debit,gmail.com,Missing,Missing,Missing,21
3461513,25.95,W,mastercard,debit,gmail.com,Missing,Missing,Missing,21
3461514,12.05,C,mastercard,credit,gmail.com,gmail.com,mobile,SM-J701M Build/NRD90M,21
3461515,250.0,R,mastercard,debit,gmail.com,gmail.com,mobile,SM-N950U Build/R16NW,21
3461516,47.95,W,mastercard,debit,gmail.com,Missing,Missing,Missing,21
3461517,335.0,W,visa,credit,anonymous.com,Missing,Missing,Missing,21
3461518,35.0,H,visa,credit,gmail.com,Missing,desktop,Windows,21
3461519,711.0,W,visa,credit,gmail.com,Missing,Missing,Missing,21
3461520,88.5,W,mastercard,debit,yahoo.com,Missing,Missing,Missing,21
3461521,107.95,W,visa,credit,gmail.com,Missing,Missing,Missing,21
3461522,50.0,H,visa,credit,charter.net,charter.net,desktop,Trident/7.0,21
3461523,59.0,W,visa,debit,yahoo.com,Missing,Missing,Missing,21
3461524,77.95,W,mastercard,debit,gmail.com,Missing,Missing,Missing,21
3461525,882.0,W,visa,credit,gmail.com,Missing,Missing,Missing,21
3461526,77.95,W,visa,debit,Missing,Missing,Missing,Missing,21
3461527,748.0,W,visa,credit,gmail.com,Missing,Missing,Missing,21
3461528,92.0,W,visa,debit,gmail.com,Missing,Missing,Missing,21
3461529,20.95,W,mastercard,debit,gmail.com,Missing,Missing,Missing,21
3461530,117.0,W,visa,debit,gmail.com,Missing,Missing,Missing,21
3461531,59.0,W,visa,debit,Missing,Missing,Missing,Missing,21
3461532,77.0,W,visa,debit,gmail.com,Missing,Missing,Missing,21
3461533,226.0,W,visa,debit,gmail.com,Missing,Missing,Missing,21
3461534,59.0,W,mastercard,debit,gmail.com,Missing,Missing,Missing,21
3461535,117.0,W,mastercard,debit,gmail.com,Missing,Missing,Missing,21
3461536,20.0,S,visa,debit,Missing,gmail.com,desktop,Missing,21
3461537,54.5,W,mastercard,debit,gmail.com,Missing,Missing,Missing,21
3461538,60.0,W,mastercard,debit,yahoo.com,Missing,Missing,Missing,21
3461539,103.95,W,visa,debit,gmail.com,Missing,Missing,Missing,21
3461540,67.95,W,visa,debit,yahoo.com,Missing,Missing,Missing,21
3461541,312.95,W,visa,debit,yahoo.com,Missing,Missing,Missing,21
3461542,117.0,W,visa,debit,gmail.com,Missing,Missing,Missing,21
3461543,117.0,W,visa,debit,aol.com,Missing,Missing,Missing,21
3461544,20.0,S,visa,debit,Missing,icloud.com,desktop,Missing,21
3461545,107.95,W,visa,credit,Missing,Missing,Missing,Missing,21
3461546,49.0,W,visa,debit,Missing,Missing,Missing,Missing,21
3461547,117.0,W,visa,credit,aol.com,Missing,Missing,Missing,21
3461548,17.214,C,mastercard,debit,anonymous.com,anonymous.com,desktop,Windows,21
3461549,33.507,C,mastercard,credit,anonymous.com,anonymous.com,desktop,Missing,21
3461550,57.95,W,visa,debit,yahoo.com,Missing,Missing,Missing,21
3461551,25.95,W,visa,debit,hotmail.com,Missing,Missing,Missing,21
3461552,25.95,W,visa,debit,gmail.com,Missing,Missing,Missing,21
3461553,39.0,W,visa,debit,Missing,Missing,Missing,Missing,21
3461554,2161.0,W,visa,credit,hotmail.com,Missing,Missing,Missing,21
3461555,100.0,R,mastercard,credit,anonymous.com,yahoo.com,desktop,Windows,21
3461556,153.0,W,visa,debit,gmail.com,Missing,Missing,Missing,21
3461557,503.95,W,mastercard,credit,gmail.com,Missing,Missing,Missing,21
3461558,39.0,W,visa,debit,gmail.com,Missing,Missing,Missing,21
3461559,88.5,W,visa,debit,gmail.com,Missing,Missing,Missing,21
3461560,95.0,W,visa,debit,yahoo.com,Missing,Missing,Missing,21
3461561,25.0,H,visa,debit,gmail.com,gmail.com,desktop,Windows,21
3461562,93.95,W,mastercard,credit,aol.com,Missing,Missing,Missing,21
3461563,226.0,W,visa,debit,gmail.com,Missing,Missing,Missing,21
3461564,113.0,W,visa,debit,yahoo.com,Missing,Missing,Missing,21
3461565,11.0,W,visa,debit,gmail.com,Missing,Missing,Missing,21
3461566,29.66,W,visa,debit,gmail.com,Missing,Missing,Missing,21
3461567,82.0,W,visa,debit,gmail.com,Missing,Missing,Missing,21
3461568,97.0,W,mastercard,credit,anonymous.com,Missing,Missing,Missing,21
3461569,159.95,W,visa,debit,gmail.com,Missing,Missing,Missing,21
3461570,335.0,W,visa,credit,aol.com,Missing,Missing,Missing,21
3461571,300.0,R,visa,credit,me.com,yahoo.com,desktop,MacOS,21
3461572,108.95,W,visa,debit,Missing,Missing,Missing,Missing,21
3461573,117.0,W,mastercard,credit,att.net,Missing,Missing,Missing,21
3461574,59.0,W,visa,debit,gmail.com,Missing,Missing,Missing,21
3461575,73.95,W,visa,debit,gmail.com,Missing,Missing,Missing,21
3461576,77.95,W,visa,debit,gmail.com,Missing,Missing,Missing,21
3461577,57.95,W,visa,debit,hotmail.com,Missing,Missing,Missing,21
3461578,56.316,C,mastercard,debit,hotmail.com,hotmail.com,mobile,SM-G930F Build/NRD90M,21
3461579,189.95,W,mastercard,debit,gmail.com,Missing,Missing,Missing,21
3461580,300.0,R,visa,credit,me.com,yahoo.com,desktop,MacOS,21
3461581,100.0,R,american express,credit,msn.com,msn.com,desktop,rv:58.0,21
3461582,39.95,W,visa,debit,gmail.com,Missing,Missing,Missing,21
3461583,47.95,W,visa,debit,yahoo.com,Missing,Missing,Missing,22
3461584,67.95,W,visa,debit,Missing,Missing,Missing,Missing,22
3461585,26.191,C,mastercard,debit,gmail.com,gmail.com,mobile,SM-G531H Build/LMY48B,22
3461586,63.97,W,visa,debit,att.net,Missing,Missing,Missing,22
3461587,35.95,W,mastercard,debit,outlook.com,Missing,Missing,Missing,22
3461588,34.0,W,mastercard,credit,yahoo.com,Missing,Missing,Missing,22
3461589,226.0,W,visa,debit,yahoo.com,Missing,Missing,Missing,22
3461590,300.0,R,visa,credit,me.com,yahoo.com,desktop,MacOS,22
3461591,159.95,W,visa,debit,gmail.com,Missing,Missing,Missing,22
3461592,3.583,C,visa,debit,anonymous.com,anonymous.com,mobile,rv:59.0,22
3461593,117.0,W,visa,debit,aol.com,Missing,Missing,Missing,22
3461594,664.0,W,discover,credit,hotmail.com,Missing,Missing,Missing,22
3461595,15.0,W,mastercard,debit,Missing,Missing,Missing,Missing,22
3461596,49.0,W,visa,credit,gmail.com,Missing,Missing,Missing,22
3461597,664.0,W,visa,debit,anonymous.com,Missing,Missing,Missing,22
3461598,54.5,W,mastercard,debit,anonymous.com,Missing,Missing,Missing,22
3461599,113.0,W,visa,debit,yahoo.com,Missing,Missing,Missing,22
3461600,305.0,W,mastercard,debit,Missing,Missing,Missing,Missing,22
3461601,226.0,W,visa,debit,yahoo.com,Missing,Missing,Missing,22
3461602,51.0,W,mastercard,debit,gmail.com,Missing,Missing,Missing,22
3461603,226.0,W,visa,debit,yahoo.com,Missing,Missing,Missing,22
3461604,54.287,C,mastercard,credit,anonymous.com,anonymous.com,desktop,Missing,22
3461605,184.95,W,visa,debit,Missing,Missing,Missing,Missing,22
3461606,209.95,W,visa,debit,gmail.com,Missing,Missing,Missing,22
3461607,57.95,W,mastercard,debit,Missing,Missing,Missing,Missing,22
3461608,26.682,C,visa,debit,hotmail.com,hotmail.com,mobile,SM-G532M Build/MMB29T,22
3461609,226.0,W,visa,debit,yahoo.com,Missing,Missing,Missing,22
3461610,226.0,W,visa,debit,gmail.com,Missing,Missing,Missing,22
3461611,182.0,W,visa,debit,yahoo.com,Missing,Missing,Missing,22
3461612,57.95,W,mastercard,debit,yahoo.com,Missing,Missing,Missing,22
3461613,59.0,W,visa,credit,hotmail.com,Missing,Missing,Missing,22
3461614,48.446,C,mastercard,credit,hotmail.com,hotmail.com,desktop,Windows,22
3461615,59.0,W,visa,debit,gmail.com,Missing,Missing,Missing,22
3461616,30.433,C,visa,credit,hotmail.com,hotmail.com,mobile,SM-J700M Build/MMB29K,22
3461617,49.0,W,visa,debit,aol.com,Missing,Missing,Missing,22
3461618,159.95,W,mastercard,debit,comcast.net,Missing,Missing,Missing,22
3461619,19.366,C,mastercard,debit,hotmail.com,hotmail.com,desktop,Windows,22
3461620,51.0,W,visa,debit,yahoo.com,Missing,Missing,Missing,22
3461621,55.0,W,visa,debit,anonymous.com,Missing,Missing,Missing,22
3461622,67.95,W,mastercard,debit,gmail.com,Missing,Missing,Missing,22
3461623,29.0,W,visa,debit,gmail.com,Missing,Missing,Missing,22
3461624,711.0,W,visa,credit,gmail.com,Missing,Missing,Missing,22
3461625,107.95,W,mastercard,debit,gmail.com,Missing,Missing,Missing,22
3461626,107.95,W,visa,credit,hotmail.com,Missing,Missing,Missing,22
3461627,250.0,R,mastercard,credit,anonymous.com,anonymous.com,desktop,Windows,22
3461628,29.0,W,visa,debit,gmail.com,Missing,Missing,Missing,22
3461629,59.0,W,mastercard,credit,att.net,Missing,Missing,Missing,22
3461630,62.956,C,visa,credit,hotmail.com,hotmail.com,desktop,Windows,22
3461631,73.0,W,visa,debit,aol.com,Missing,Missing,Missing,22
3461632,24.531,C,mastercard,credit,gmail.com,gmail.com,desktop,Windows,22
3461633,117.0,W,mastercard,debit,yahoo.com,Missing,Missing,Missing,22
3461634,44.0,W,visa,debit,yahoo.com,Missing,Missing,Missing,22
3461635,1052.0,W,visa,debit,gmail.com,Missing,Missing,Missing,22
3461636,49.0,W,mastercard,debit,gmail.com,Missing,Missing,Missing,22
3461637,335.0,W,mastercard,debit,gmail.com,Missing,Missing,Missing,22
3461638,62.956,C,visa,credit,hotmail.com,hotmail.com,desktop,Windows,22
3461639,25.95,W,visa,debit,Missing,Missing,Missing,Missing,22
3461640,2080.5,W,visa,credit,hotmail.com,Missing,Missing,Missing,22
3461641,29.0,W,visa,debit,gmail.com,Missing,Missing,Missing,22
3461642,13.034,C,visa,credit,anonymous.com,anonymous.com,desktop,Windows,22
3461643,107.0,W,visa,debit,gmail.com,Missing,Missing,Missing,22
3461644,46.11,C,visa,credit,gmail.com,gmail.com,mobile,SM-G955F Build/NRD90M,22
3461645,24.531,C,visa,credit,gmail.com,gmail.com,desktop,Windows,22
3461646,200.0,R,discover,credit,anonymous.com,gmail.com,desktop,Windows,22
3461647,29.019,C,visa,credit,hotmail.com,hotmail.com,desktop,Trident/7.0,22
3461648,53.119,C,visa,debit,anonymous.com,anonymous.com,desktop,Windows,22
3461649,249.95,W,visa,debit,gmail.com,Missing,Missing,Missing,22
3461650,57.95,W,visa,credit,yahoo.com,Missing,Missing,Missing,22
3461651,39.0,W,mastercard,debit,Missing,Missing,Missing,Missing,22
3461652,39.0,W,visa,debit,aol.com,Missing,Missing,Missing,22
3461653,47.95,W,mastercard,debit,gmail.com,Missing,Missing,Missing,22
3461654,57.95,W,visa,debit,yahoo.com,Missing,Missing,Missing,22
3461655,26.95,W,mastercard,debit,gmail.com,Missing,Missing,Missing,22
3461656,45.95,W,visa,debit,yahoo.com,Missing,Missing,Missing,22
3461657,280.0,W,mastercard,credit,gmail.com,Missing,Missing,Missing,22
3461658,57.95,W,visa,debit,Missing,Missing,Missing,Missing,22
3461659,209.95,W,mastercard,debit,gmail.com,Missing,Missing,Missing,22
3461660,171.0,W,visa,debit,gmail.com,Missing,Missing,Missing,22
3461661,222.0,W,visa,debit,Missing,Missing,Missing,Missing,22
3461662,17.214,C,mastercard,debit,anonymous.com,anonymous.com,desktop,Windows,22
3461663,39.0,W,visa,debit,hotmail.com,Missing,Missing,Missing,22
3461664,50.0,R,visa,credit,anonymous.com,anonymous.com,desktop,MacOS,22
3461665,39.0,W,visa,debit,gmail.com,Missing,Missing,Missing,22
3461666,994.0,W,mastercard,credit,aol.com,Missing,Missing,Missing,22
3461667,48.45,W,visa,debit,gmail.com,Missing,Missing,Missing,22
3461668,77.0,W,mastercard,debit,yahoo.com,Missing,Missing,Missing,22
3461669,59.0,W,mastercard,debit,gmail.com,Missing,Missing,Missing,22
3461670,29.0,W,visa,debit,Missing,Missing,Missing,Missing,22
3461671,108.5,W,visa,debit,anonymous.com,Missing,Missing,Missing,22
3461672,60.0,H,visa,debit,yahoo.com,yahoo.com,mobile,iOS Device,22
3461673,70.702,C,mastercard,credit,outlook.es,outlook.es,mobile,Missing,22
3461674,59.0,W,visa,debit,Missing,Missing,Missing,Missing,22
3461675,59.0,W,visa,debit,yahoo.com,Missing,Missing,Missing,22
3461676,445.0,W,mastercard,debit,aol.com,Missing,Missing,Missing,22
3461677,67.95,W,mastercard,debit,Missing,Missing,Missing,Missing,22
3461678,70.702,C,mastercard,credit,outlook.es,outlook.es,mobile,Missing,22
3461679,45.0,W,visa,debit,gmail.com,Missing,Missing,Missing,22
3461680,319.95,W,visa,debit,gmail.com,Missing,Missing,Missing,22
3461681,70.702,C,mastercard,credit,outlook.es,outlook.es,mobile,Missing,22
3461682,209.95,W,mastercard,debit,Missing,Missing,Missing,Missing,22
3461683,664.0,W,visa,debit,gmail.com,Missing,Missing,Missing,22
3461684,59.0,W,visa,debit,anonymous.com,Missing,Missing,Missing,22
3461685,117.0,W,mastercard,debit,gmail.com,Missing,Missing,Missing,22
3461686,59.0,W,visa,debit,gmail.com,Missing,Missing,Missing,22
3461687,57.95,W,visa,debit,Missing,Missing,Missing,Missing,22
3461688,59.0,W,visa,debit,gmail.com,Missing,Missing,Missing,22
3461689,59.0,W,visa,debit,Missing,Missing,Missing,Missing,22
3461690,117.0,W,visa,debit,yahoo.com,Missing,Missing,Missing,22
3461691,57.95,W,visa,debit,Missing,Missing,Missing,Missing,22
3461692,70.702,C,visa,credit,outlook.es,outlook.es,mobile,Missing,22
3461693,77.0,W,visa,debit,gmail.com,Missing,Missing,Missing,22
3461694,63.95,W,visa,debit,yahoo.com,Missing,Missing,Missing,22
3461695,59.0,W,visa,debit,gmail.com,Missing,Missing,Missing,22
3461696,287.5,W,mastercard,debit,gmail.com,Missing,Missing,Missing,22
3461697,131.95,W,mastercard,debit,gmail.com,Missing,Missing,Missing,22
3461698,117.0,W,visa,debit,Missing,Missing,Missing,Missing,22
3461699,50.0,R,visa,credit,gmail.com,gmail.com,desktop,MacOS,22
3461700,127.879,C,visa,debit,hotmail.com,hotmail.com,desktop,Missing,22
3461701,49.0,W,visa,debit,gmail.com,Missing,Missing,Missing,22
3461702,55.0,W,visa,debit,yahoo.com,Missing,Missing,Missing,22
3461703,159.95,W,visa,debit,comcast.net,Missing,Missing,Missing,22
3461704,59.0,W,visa,debit,gmail.com,Missing,Missing,Missing,22
3461705,67.95,W,mastercard,debit,Missing,Missing,Missing,Missing,22
3461706,141.0,W,mastercard,debit,anonymous.com,Missing,Missing,Missing,22
3461707,48.95,W,visa,debit,gmail.com,Missing,Missing,Missing,22
3461708,161.0,W,visa,debit,gmail.com,Missing,Missing,Missing,22
3461709,59.0,W,visa,debit,gmail.com,Missing,Missing,Missing,22
3461710,112.95,W,visa,debit,gmail.com,Missing,Missing,Missing,22
3461711,49.0,W,visa,debit,gmail.com,Missing,Missing,Missing,22
3461712,47.95,W,visa,debit,gmail.com,Missing,Missing,Missing,22
3461713,50.0,W,visa,debit,Missing,Missing,Missing,Missing,22
3461714,1575.5,W,visa,credit,gmail.com,Missing,Missing,Missing,22
3461715,496.14,W,mastercard,debit,Missing,Missing,Missing,Missing,22
3461716,57.95,W,visa,debit,Missing,Missing,Missing,Missing,22
3461717,300.0,H,mastercard,credit,anonymous.com,gmail.com,mobile,SM-N950U1 Build/R16NW,22
3461718,226.0,W,visa,credit,yahoo.com,Missing,Missing,Missing,22
3461719,19.059,C,mastercard,debit,hotmail.com,hotmail.com,mobile,Missing,22
3461720,46.11,C,visa,credit,gmail.com,gmail.com,mobile,SM-G955F Build/NRD90M,22
3461721,1651.0,W,visa,debit,gmail.com,Missing,Missing,Missing,22
3461722,300.0,H,mastercard,credit,anonymous.com,gmail.com,mobile,SM-N950U1 Build/R16NW,22
3461723,117.0,W,mastercard,debit,gmail.com,Missing,Missing,Missing,22
3461724,226.0,W,mastercard,debit,gmail.com,Missing,Missing,Missing,22
3461725,57.95,W,mastercard,debit,yahoo.com,Missing,Missing,Missing,22
3461726,117.0,W,visa,debit,gmail.com,Missing,Missing,Missing,22
3461727,59.0,W,visa,debit,yahoo.com,Missing,Missing,Missing,22
3461728,179.0,W,visa,debit,icloud.com,Missing,Missing,Missing,22
3461729,59.0,W,mastercard,debit,gmail.com,Missing,Missing,Missing,22
3461730,159.95,W,visa,debit,Missing,Missing,Missing,Missing,22
3461731,29.0,W,mastercard,debit,gmail.com,Missing,Missing,Missing,22
3461732,59.0,W,visa,debit,anonymous.com,Missing,Missing,Missing,22
3461733,18.628,C,mastercard,debit,gmail.com,gmail.com,mobile,D5316 Build/19.4.A.0.182,22
3461734,280.0,W,mastercard,debit,netzero.com,Missing,Missing,Missing,22
3461735,20.0,S,american express,credit,Missing,gmail.com,mobile,Missing,22
3461736,39.0,W,visa,debit,gmail.com,Missing,Missing,Missing,22
3461737,25.95,W,visa,debit,gmail.com,Missing,Missing,Missing,22
3461738,87.0,W,visa,debit,gmail.com,Missing,Missing,Missing,22
3461739,95.0,W,mastercard,debit,gmail.com,Missing,Missing,Missing,22
3461740,92.0,W,mastercard,debit,Missing,Missing,Missing,Missing,22
3461741,209.95,W,visa,debit,Missing,Missing,Missing,Missing,22
3461742,39.0,W,mastercard,debit,comcast.net,Missing,Missing,Missing,22
3461743,280.0,W,visa,credit,gmail.com,Missing,Missing,Missing,22
3461744,25.95,W,mastercard,debit,gmail.com,Missing,Missing,Missing,22
3461745,22.993,C,visa,credit,hotmail.com,hotmail.com,mobile,HTC Desire 626s Build/LMY47O,22
3461746,45.0,W,mastercard,debit,Missing,Missing,Missing,Missing,22
3461747,47.95,W,mastercard,debit,gmail.com,Missing,Missing,Missing,22
3461748,92.0,W,visa,debit,anonymous.com,Missing,Missing,Missing,22
3461749,265.0,W,visa,debit,yahoo.com,Missing,Missing,Missing,22
3461750,39.0,W,mastercard,debit,yahoo.com,Missing,Missing,Missing,22
3461751,59.0,W,visa,debit,aol.com,Missing,Missing,Missing,22
3461752,117.0,W,visa,debit,aol.com,Missing,Missing,Missing,22
3461753,280.0,W,visa,credit,yahoo.com,Missing,Missing,Missing,22
3461754,554.0,W,visa,debit,yahoo.com,Missing,Missing,Missing,22
3461755,57.95,W,visa,debit,yahoo.com,Missing,Missing,Missing,22
3461756,312.95,W,visa,debit,yahoo.com,Missing,Missing,Missing,22
3461757,49.0,W,mastercard,debit,live.com,Missing,Missing,Missing,22
3461758,135.01,C,visa,debit,anonymous.com,anonymous.com,Missing,Missing,22
3461759,226.0,W,visa,debit,gmail.com,Missing,Missing,Missing,22
3461760,554.0,W,visa,debit,gmail.com,Missing,Missing,Missing,22
3461761,100.0,S,visa,credit,Missing,gmail.com,desktop,Windows,22
3461762,49.0,W,visa,debit,gmail.com,Missing,Missing,Missing,22
3461763,35.95,W,visa,debit,yahoo.com,Missing,Missing,Missing,22
3461764,30.0,W,visa,debit,yahoo.com,Missing,Missing,Missing,22
3461765,59.0,W,mastercard,debit,hotmail.com,Missing,Missing,Missing,22
3461766,159.95,W,mastercard,debit,q.com,Missing,Missing,Missing,22
3461767,105.0,W,visa,debit,gmail.com,Missing,Missing,Missing,22
3461768,490.0,W,visa,debit,yahoo.com,Missing,Missing,Missing,22
3461769,47.95,W,visa,debit,gmail.com,Missing,Missing,Missing,22
3461770,251.95,W,visa,debit,yahoo.com,Missing,Missing,Missing,22
3461771,135.01,C,visa,credit,anonymous.com,anonymous.com,Missing,Missing,22
3461772,59.0,W,mastercard,debit,gmail.com,Missing,Missing,Missing,22
3461773,39.0,W,mastercard,debit,gmail.com,Missing,Missing,Missing,22
3461774,47.95,W,mastercard,debit,anonymous.com,Missing,Missing,Missing,22
3461775,34.0,W,visa,debit,gmail.com,Missing,Missing,Missing,22
3461776,59.0,W,visa,debit,gmail.com,Missing,Missing,Missing,22
3461777,77.0,W,visa,debit,yahoo.com,Missing,Missing,Missing,22
3461778,59.0,W,visa,credit,Missing,Missing,Missing,Missing,22
3461779,107.95,W,mastercard,debit,yahoo.com,Missing,Missing,Missing,22
3461780,107.95,W,visa,debit,anonymous.com,Missing,Missing,Missing,22
3461781,524.95,W,visa,debit,gmail.com,Missing,Missing,Missing,22
3461782,23.239,C,visa,debit,gmail.com,gmail.com,Missing,Missing,22
3461783,134.95,W,visa,debit,gmail.com,Missing,Missing,Missing,22
3461784,29.0,W,mastercard,debit,gmail.com,Missing,Missing,Missing,22
3461785,59.0,W,visa,debit,gmail.com,Missing,Missing,Missing,22
3461786,319.95,W,visa,debit,gmail.com,Missing,Missing,Missing,22
3461787,594.95,W,visa,debit,att.net,Missing,Missing,Missing,22
3461788,994.0,W,discover,credit,comcast.net,Missing,Missing,Missing,22
3461789,49.0,W,visa,debit,gmail.com,Missing,Missing,Missing,22
3461790,255.88,C,visa,debit,gmail.com,gmail.com,mobile,P5006A Build/NRD90M,22
3461791,20.0,S,visa,credit,Missing,anonymous.com,desktop,Windows,22
3461792,39.0,W,visa,debit,yahoo.com,Missing,Missing,Missing,22
3461793,300.0,H,mastercard,credit,anonymous.com,gmail.com,mobile,SM-N950U1 Build/R16NW,22
3461794,49.0,W,visa,debit,gmail.com,Missing,Missing,Missing,22
3461795,117.0,W,visa,debit,gmail.com,Missing,Missing,Missing,22
3461796,42.95,W,visa,debit,gmail.com,Missing,Missing,Missing,22
3461797,664.0,W,discover,credit,Missing,Missing,Missing,Missing,22
3461798,59.0,W,visa,credit,Missing,Missing,Missing,Missing,22
3461799,994.0,W,discover,credit,comcast.net,Missing,Missing,Missing,23
3461800,226.0,W,discover,credit,gmail.com,Missing,Missing,Missing,23
3461801,47.95,W,visa,debit,Missing,Missing,Missing,Missing,23
3461802,260.0,W,visa,credit,yahoo.com,Missing,Missing,Missing,23
3461803,34.0,W,mastercard,debit,Missing,Missing,Missing,Missing,23
3461804,39.0,W,visa,debit,gmail.com,Missing,Missing,Missing,23
3461805,39.0,W,visa,debit,gmail.com,Missing,Missing,Missing,23
3461806,226.0,W,mastercard,debit,gmail.com,Missing,Missing,Missing,23
3461807,107.95,W,mastercard,debit,hotmail.fr,Missing,Missing,Missing,23
3461808,300.0,H,mastercard,credit,anonymous.com,gmail.com,mobile,SM-N950U1 Build/R16NW,23
3461809,36.31,W,visa,debit,gmail.com,Missing,Missing,Missing,23
3461810,209.95,W,visa,debit,Missing,Missing,Missing,Missing,23
3461811,67.95,W,visa,debit,gmail.com,Missing,Missing,Missing,23
3461812,50.0,H,visa,credit,gmail.com,gmail.com,desktop,Windows,23
3461813,117.0,W,visa,debit,yahoo.com,Missing,Missing,Missing,23
3461814,35.95,W,mastercard,debit,Missing,Missing,Missing,Missing,23
3461815,38.0,H,visa,debit,gmail.com,aol.com,desktop,MacOS,23
3461816,107.95,W,visa,debit,gmail.com,Missing,Missing,Missing,23
3461817,59.0,W,visa,debit,yahoo.com,Missing,Missing,Missing,23
3461818,59.0,W,visa,credit,Missing,Missing,Missing,Missing,23
3461819,100.0,H,visa,debit,yahoo.com,gmail.com,mobile,SM-N910V Build/MMB29M,23
3461820,45.0,W,mastercard,debit,gmail.com,Missing,Missing,Missing,23
3461821,107.95,W,visa,debit,yahoo.com,Missing,Missing,Missing,23
3461822,78.5,W,mastercard,debit,Missing,Missing,Missing,Missing,23
3461823,39.0,W,visa,debit,gmail.com,Missing,Missing,Missing,23
3461824,26.95,W,visa,debit,Missing,Missing,Missing,Missing,23
3461825,25.95,W,visa,debit,Missing,Missing,Missing,Missing,23
3461826,72.0,W,mastercard,debit,gmail.com,Missing,Missing,Missing,23
3461827,47.95,W,visa,debit,gmail.com,Missing,Missing,Missing,23
3461828,77.0,W,visa,debit,Missing,Missing,Missing,Missing,23
3461829,330.99,W,mastercard,credit,aol.com,Missing,Missing,Missing,23
3461830,117.0,W,visa,debit,gmail.com,Missing,Missing,Missing,23
3461831,100.0,W,visa,debit,anonymous.com,Missing,Missing,Missing,23
3461832,34.0,W,visa,debit,gmail.com,Missing,Missing,Missing,23
3461833,226.0,W,mastercard,debit,gmail.com,Missing,Missing,Missing,23
3461834,171.0,W,mastercard,credit,gmail.com,Missing,Missing,Missing,23
3461835,44.0,W,discover,credit,gmail.com,Missing,Missing,Missing,23
3461836,57.95,W,visa,debit,gmail.com,Missing,Missing,Missing,23
3461837,32.523,C,mastercard,debit,gmail.com,gmail.com,mobile,Missing,23
3461838,100.0,R,visa,credit,verizon.net,gmail.com,desktop,Windows,23
3461839,48.95,W,mastercard,debit,yahoo.com,Missing,Missing,Missing,23
3461840,632.0,W,discover,credit,yahoo.com,Missing,Missing,Missing,23
3461841,29.0,W,visa,debit,gmail.com,Missing,Missing,Missing,23
3461842,107.0,W,visa,debit,gmail.com,Missing,Missing,Missing,23
3461843,199.95,W,visa,debit,comcast.net,Missing,Missing,Missing,23
3461844,29.95,W,mastercard,debit,gmail.com,Missing,Missing,Missing,23
3461845,117.0,W,visa,credit,gmail.com,Missing,Missing,Missing,23
3461846,129.95,W,visa,debit,anonymous.com,Missing,Missing,Missing,23
3461847,34.0,W,mastercard,debit,gmail.com,Missing,Missing,Missing,23
3461848,27.0,W,visa,debit,gmail.com,Missing,Missing,Missing,23
3461849,117.0,W,visa,debit,anonymous.com,Missing,Missing,Missing,23
3461850,994.0,W,discover,credit,comcast.net,Missing,Missing,Missing,23
3461851,58.95,W,visa,debit,Missing,Missing,Missing,Missing,23
3461852,59.0,W,visa,credit,aol.com,Missing,Missing,Missing,23
3461853,117.0,W,visa,debit,anonymous.com,Missing,Missing,Missing,23
3461854,58.95,W,visa,debit,Missing,Missing,Missing,Missing,23
3461855,75.0,S,visa,debit,Missing,gmail.com,desktop,Windows,23
3461856,49.0,W,visa,debit,Missing,Missing,Missing,Missing,23
3461857,5.902,C,visa,credit,hotmail.com,hotmail.com,desktop,Windows,23
3461858,22.97,W,visa,debit,Missing,Missing,Missing,Missing,23
3461859,59.0,W,visa,debit,yahoo.com,Missing,Missing,Missing,23
3461860,35.95,W,mastercard,debit,hotmail.com,Missing,Missing,Missing,23
3461861,117.0,W,visa,debit,yahoo.com,Missing,Missing,Missing,23
3461862,117.0,W,visa,debit,yahoo.com,Missing,Missing,Missing,23
3461863,59.0,W,visa,debit,yahoo.com,Missing,Missing,Missing,23
3461864,117.0,W,visa,debit,anonymous.com,Missing,Missing,Missing,23
3461865,554.0,W,visa,debit,yahoo.com,Missing,Missing,Missing,23
3461866,994.0,W,visa,credit,Missing,Missing,Missing,Missing,23
3461867,49.0,W,visa,debit,gmail.com,Missing,Missing,Missing,23
3461868,35.95,W,visa,debit,anonymous.com,Missing,Missing,Missing,23
3461869,105.0,W,visa,debit,gmail.com,Missing,Missing,Missing,23
3461870,134.0,W,visa,debit,aol.com,Missing,Missing,Missing,23
3461871,59.0,W,mastercard,debit,yahoo.com,Missing,Missing,Missing,23
3461872,77.0,W,visa,debit,aol.com,Missing,Missing,Missing,23
3461873,8.607,C,visa,debit,outlook.com,outlook.com,desktop,Windows,23
3461874,25.95,W,visa,debit,ymail.com,Missing,Missing,Missing,23
3461875,261.95,W,visa,debit,gmail.com,Missing,Missing,Missing,23
3461876,54.0,W,visa,debit,Missing,Missing,Missing,Missing,23
3461877,20.95,W,visa,debit,gmail.com,Missing,Missing,Missing,23
3461878,49.0,W,visa,debit,Missing,Missing,Missing,Missing,23
3461879,117.0,W,visa,debit,gmail.com,Missing,Missing,Missing,23
3461880,117.0,W,visa,debit,gmail.com,Missing,Missing,Missing,23
3461881,135.01,C,visa,credit,anonymous.com,anonymous.com,Missing,Missing,23
3461882,59.0,W,mastercard,debit,Missing,Missing,Missing,Missing,23
3461883,117.0,W,visa,debit,gmail.com,Missing,Missing,Missing,23
3461884,59.0,W,mastercard,debit,Missing,Missing,Missing,Missing,23
3461885,994.0,W,visa,credit,comcast.net,Missing,Missing,Missing,23
3461886,59.0,W,visa,debit,gmail.com,Missing,Missing,Missing,23
3461887,652.0,W,visa,debit,comcast.net,Missing,Missing,Missing,23
3461888,107.95,W,mastercard,credit,Missing,Missing,Missing,Missing,23
3461889,53.97,W,visa,debit,gmail.com,Missing,Missing,Missing,23
3461890,40.0,W,visa,debit,gmail.com,Missing,Missing,Missing,23
3461891,311.95,W,discover,credit,gmail.com,Missing,Missing,Missing,23
3461892,34.0,W,visa,debit,yahoo.com,Missing,Missing,Missing,23
3461893,295.0,W,mastercard,debit,gmail.com,Missing,Missing,Missing,23
3461894,25.95,W,visa,debit,Missing,Missing,Missing,Missing,23
3461895,295.0,W,mastercard,debit,gmail.com,Missing,Missing,Missing,23
3461896,295.0,W,mastercard,debit,gmail.com,Missing,Missing,Missing,23
3461897,654.15,W,visa,credit,yahoo.com,Missing,Missing,Missing,23
3461898,29.0,W,mastercard,debit,gmail.com,Missing,Missing,Missing,23
3461899,261.95,W,visa,debit,msn.com,Missing,Missing,Missing,23
3461901,335.0,W,mastercard,credit,att.net,Missing,Missing,Missing,23
3461900,35.95,W,visa,debit,gmail.com,Missing,Missing,Missing,23
3461902,554.0,W,visa,debit,hotmail.com,Missing,Missing,Missing,23
3461903,82.95,W,visa,debit,yahoo.com,Missing,Missing,Missing,23
3461904,20.0,H,visa,debit,anonymous.com,anonymous.com,desktop,Windows,23
3461905,109.0,W,mastercard,credit,gmail.com,Missing,Missing,Missing,23
3461906,15.0,S,visa,debit,Missing,yahoo.com,mobile,iOS Device,23
3461907,107.95,W,visa,debit,yahoo.com,Missing,Missing,Missing,23
3461908,59.0,W,visa,debit,Missing,Missing,Missing,Missing,23
3461909,100.0,H,visa,debit,gmail.com,gmail.com,mobile,SAMSUNG SM-G950U Build/R16NW,23
3461910,8.115,C,mastercard,debit,gmail.com,gmail.com,desktop,Missing,23
3461911,107.95,W,visa,debit,hotmail.com,Missing,Missing,Missing,23
3461912,186.0,W,visa,debit,yahoo.com,Missing,Missing,Missing,23
3461913,108.95,W,visa,debit,gmail.com,Missing,Missing,Missing,23
3461914,35.658,C,visa,debit,gmail.com,gmail.com,mobile,E5506 Build/29.2.A.0.166,23
3461915,240.0,W,visa,debit,gmail.com,Missing,Missing,Missing,23
3461916,107.95,W,mastercard,debit,gmail.com,Missing,Missing,Missing,23
3461917,49.0,W,visa,debit,Missing,Missing,Missing,Missing,23
3461918,280.0,W,mastercard,debit,Missing,Missing,Missing,Missing,23
3461919,107.95,W,mastercard,debit,yahoo.com,Missing,Missing,Missing,23
3461920,87.0,W,visa,debit,aol.com,Missing,Missing,Missing,23
3461921,112.0,W,mastercard,debit,gmail.com,Missing,Missing,Missing,23
3461922,59.0,W,visa,debit,yahoo.com,Missing,Missing,Missing,23
3461923,724.0,W,visa,debit,anonymous.com,Missing,Missing,Missing,23
3461924,150.0,H,discover,credit,yahoo.com,yahoo.com,mobile,iOS Device,23
3461925,49.0,W,mastercard,credit,Missing,Missing,Missing,Missing,23
3461926,47.95,W,visa,debit,yahoo.com,Missing,Missing,Missing,23
3461927,40.0,W,visa,debit,gmail.com,Missing,Missing,Missing,23
3461928,186.0,W,visa,debit,aol.com,Missing,Missing,Missing,23
3461929,161.0,W,visa,debit,yahoo.com,Missing,Missing,Missing,23
3461930,117.0,W,mastercard,debit,gmail.com,Missing,Missing,Missing,23
3461931,11.128,C,mastercard,debit,gmail.com,gmail.com,desktop,Windows,23
3461932,47.95,W,visa,debit,gmail.com,Missing,Missing,Missing,23
3461933,100.0,H,discover,credit,yahoo.com,yahoo.com,mobile,iOS Device,23
3461934,117.0,W,mastercard,credit,comcast.net,Missing,Missing,Missing,23
3461935,43.0,W,visa,debit,gmail.com,Missing,Missing,Missing,23
3461936,49.0,W,visa,debit,gmail.com,Missing,Missing,Missing,23
3461937,994.0,W,visa,credit,comcast.net,Missing,Missing,Missing,23
3461938,47.0,W,mastercard,debit,yahoo.com,Missing,Missing,Missing,23
3461939,59.0,W,mastercard,credit,Missing,Missing,Missing,Missing,23
3461940,280.0,W,mastercard,debit,gmail.com,Missing,Missing,Missing,23
3461941,49.0,W,visa,debit,Missing,Missing,Missing,Missing,23
3461942,117.0,W,visa,debit,aol.com,Missing,Missing,Missing,23
3461943,226.0,W,discover,credit,gmail.com,Missing,Missing,Missing,23
3461944,59.0,W,visa,debit,aol.com,Missing,Missing,Missing,23
3461945,107.95,W,visa,debit,Missing,Missing,Missing,Missing,23
3461946,300.0,H,mastercard,credit,anonymous.com,gmail.com,desktop,Missing,23
3461947,49.0,W,visa,debit,gmail.com,Missing,Missing,Missing,23
3461948,68.0,W,visa,debit,gmail.com,Missing,Missing,Missing,23
3461949,25.95,W,visa,debit,yahoo.com,Missing,Missing,Missing,23
3461950,115.0,W,mastercard,debit,yahoo.com,Missing,Missing,Missing,23
3461951,72.0,W,mastercard,debit,Missing,Missing,Missing,Missing,23
3461952,34.0,W,visa,debit,gmail.com,Missing,Missing,Missing,23
3461953,98.95,W,visa,debit,anonymous.com,Missing,Missing,Missing,23
3461954,117.0,W,mastercard,credit,aol.com,Missing,Missing,Missing,23
3461955,268.0,W,visa,credit,gmail.com,Missing,Missing,Missing,23
3461956,335.0,W,visa,debit,gmail.com,Missing,Missing,Missing,23
3461957,97.0,W,visa,debit,yahoo.com,Missing,Missing,Missing,23
3461958,77.0,W,visa,debit,gmail.com,Missing,Missing,Missing,23
3461959,54.5,W,visa,credit,Missing,Missing,Missing,Missing,23
3461960,117.0,W,visa,debit,att.net,Missing,Missing,Missing,23
3461961,53.97,W,visa,debit,gmail.com,Missing,Missing,Missing,23
3461962,107.95,W,visa,debit,Missing,Missing,Missing,Missing,23
3461963,87.95,W,visa,debit,gmail.com,Missing,Missing,Missing,23
3461964,39.0,W,visa,debit,gmail.com,Missing,Missing,Missing,23
3461965,134.95,W,visa,debit,yahoo.com,Missing,Missing,Missing,23
3461966,424.95,W,visa,debit,gmail.com,Missing,Missing,Missing,23
3461967,33.95,W,visa,debit,yahoo.com,Missing,Missing,Missing,23
3461968,107.95,W,visa,debit,gmail.com,Missing,Missing,Missing,23
3461969,112.0,W,mastercard,debit,gmail.com,Missing,Missing,Missing,23
3461970,59.0,W,mastercard,debit,gmail.com,Missing,Missing,Missing,23
3461971,39.0,W,visa,debit,gmail.com,Missing,Missing,Missing,23
3461972,57.95,W,mastercard,debit,Missing,Missing,Missing,Missing,23
3461973,112.99,W,visa,debit,yahoo.com,Missing,Missing,Missing,23
3461974,49.0,W,mastercard,debit,icloud.com,Missing,Missing,Missing,23
3461975,294.7,W,visa,debit,Missing,Missing,Missing,Missing,23
3461976,29.0,W,mastercard,debit,msn.com,Missing,Missing,Missing,23
3461977,107.0,W,visa,debit,yahoo.com,Missing,Missing,Missing,23
3461978,226.0,W,mastercard,debit,aol.com,Missing,Missing,Missing,23
3461979,226.0,W,visa,debit,gmail.com,Missing,Missing,Missing,23
3461980,34.0,W,visa,debit,yahoo.com,Missing,Missing,Missing,23
3461981,57.95,W,visa,credit,yahoo.com,Missing,Missing,Missing,23
3461982,10.021,C,mastercard,debit,gmail.com,gmail.com,desktop,Windows,23
3461983,49.58,W,mastercard,debit,gmail.com,Missing,Missing,Missing,23
3461984,49.0,W,visa,debit,gmail.com,Missing,Missing,Missing,23
3461985,39.839,C,mastercard,debit,live.fr,live.fr,mobile,NEM-L51 Build/HONORNEM-L51,23
3461986,104.516,C,mastercard,credit,hotmail.com,hotmail.com,mobile,Moto G Play Build/MPIS24.241-15.3-7,23
3461987,117.0,W,mastercard,debit,yahoo.com,Missing,Missing,Missing,23
3461988,49.0,W,visa,debit,Missing,Missing,Missing,Missing,23
3461989,311.95,W,visa,debit,aol.com,Missing,Missing,Missing,23
3461990,15.985,C,visa,debit,yahoo.com,yahoo.com,mobile,rv:58.0,23
3461991,48.95,W,visa,debit,gmail.com,Missing,Missing,Missing,23
3461992,117.0,W,visa,debit,anonymous.com,Missing,Missing,Missing,23
3461993,44.0,W,visa,debit,Missing,Missing,Missing,Missing,23
3461994,24.5,W,visa,debit,yahoo.com,Missing,Missing,Missing,23
3461995,72.95,W,visa,debit,yahoo.com,Missing,Missing,Missing,23
3461996,47.95,W,visa,debit,Missing,Missing,Missing,Missing,23
3461997,39.0,W,visa,debit,ymail.com,Missing,Missing,Missing,23
3461998,200.0,R,visa,debit,gmail.com,gmail.com,mobile,SM-N920P Build/NRD90M,23
3461999,704.95,W,visa,debit,gmail.com,Missing,Missing,Missing,23
3462000,100.0,H,mastercard,credit,gmail.com,gmail.com,desktop,Windows,23
3462001,39.0,W,visa,debit,aol.com,Missing,Missing,Missing,23
3462002,39.0,W,visa,debit,Missing,Missing,Missing,Missing,23
3462003,108.5,W,visa,debit,gmail.com,Missing,Missing,Missing,23
3462004,117.0,W,visa,debit,gmail.com,Missing,Missing,Missing,23
3462005,29.0,W,mastercard,debit,Missing,Missing,Missing,Missing,23
3462006,132.0,H,visa,debit,gmail.com,gmail.com,mobile,iOS Device,0
3462007,82.95,W,visa,debit,aol.com,Missing,Missing,Missing,0
3462008,29.5,W,visa,debit,yahoo.com,Missing,Missing,Missing,0
3462009,107.95,W,mastercard,debit,gmail.com,Missing,Missing,Missing,0
3462010,97.0,W,visa,credit,Missing,Missing,Missing,Missing,0
3462011,58.95,W,visa,debit,hotmail.com,Missing,Missing,Missing,0
3462012,280.0,W,visa,debit,gmail.com,Missing,Missing,Missing,0
3462013,290.99,W,mastercard,debit,gmail.com,Missing,Missing,Missing,0
3462014,305.97,W,visa,debit,aol.com,Missing,Missing,Missing,0
3462015,434.95,W,mastercard,debit,gmail.com,Missing,Missing,Missing,0
3462016,25.95,W,visa,debit,yahoo.com,Missing,Missing,Missing,0
3462017,117.0,W,visa,credit,gmail.com,Missing,Missing,Missing,0
3462018,171.0,W,mastercard,debit,gmail.com,Missing,Missing,Missing,0
3462019,27.97,W,visa,debit,gmail.com,Missing,Missing,Missing,0
3462020,30.95,W,mastercard,debit,gmail.com,Missing,Missing,Missing,0
3462021,46.172,C,visa,debit,hotmail.com,hotmail.com,mobile,SM-T113NU Build/KTU84P,0
3462022,49.0,W,visa,credit,anonymous.com,Missing,Missing,Missing,0
3462023,200.0,R,mastercard,credit,gmail.com,gmail.com,desktop,Windows,0
3462024,59.0,W,mastercard,debit,gmail.com,Missing,Missing,Missing,0
3462025,59.0,W,visa,debit,Missing,Missing,Missing,Missing,0
3462026,39.0,W,visa,debit,Missing,Missing,Missing,Missing,0
3462027,554.0,W,visa,credit,gmail.com,Missing,Missing,Missing,0
3462028,35.95,W,visa,debit,Missing,Missing,Missing,Missing,0
3462029,50.0,H,visa,credit,gmail.com,anonymous.com,desktop,Windows,0
3462030,57.95,W,visa,debit,gmail.com,Missing,Missing,Missing,0
3462031,34.0,W,mastercard,debit,Missing,Missing,Missing,Missing,0
3462032,226.0,W,mastercard,debit,aol.com,Missing,Missing,Missing,0
3462033,30.0,S,visa,debit,Missing,gmail.com,desktop,Missing,0
3462034,108.95,W,visa,debit,gmail.com,Missing,Missing,Missing,0
3462035,226.0,W,visa,debit,gmail.com,Missing,Missing,Missing,0
3462036,20.95,W,mastercard,debit,yahoo.com,Missing,Missing,Missing,0
3462037,226.0,W,mastercard,debit,aol.com,Missing,Missing,Missing,0
3462038,150.0,R,visa,credit,ymail.com,gmail.com,mobile,Z557BL,0
3462039,107.95,W,visa,debit,Missing,Missing,Missing,Missing,0
3462040,42.95,W,mastercard,debit,yahoo.com,Missing,Missing,Missing,0
3462041,39.0,W,visa,debit,gmail.com,Missing,Missing,Missing,0
3462042,107.95,W,visa,debit,gmail.com,Missing,Missing,Missing,0
3462043,117.0,W,visa,debit,hotmail.com,Missing,Missing,Missing,0
3462044,107.95,W,visa,debit,Missing,Missing,Missing,Missing,0
3462045,209.95,W,discover,credit,gmail.com,Missing,Missing,Missing,0
3462046,77.0,W,visa,debit,gmail.com,Missing,Missing,Missing,0
3462047,25.95,W,visa,debit,gmail.com,Missing,Missing,Missing,0
3462048,39.0,W,visa,debit,Missing,Missing,Missing,Missing,0
3462049,75.0,W,mastercard,debit,yahoo.com,Missing,Missing,Missing,0
3462050,312.95,W,visa,debit,Missing,Missing,Missing,Missing,0
3462051,13.71,C,visa,debit,hotmail.com,hotmail.com,mobile,5080A Build/MRA58K,0
3462052,103.97,W,visa,debit,gmail.com,Missing,Missing,Missing,0
3462053,100.0,R,mastercard,debit,gmail.com,anonymous.com,mobile,iOS Device,0
3462054,59.0,W,visa,debit,gmail.com,Missing,Missing,Missing,0
3462055,47.95,W,visa,debit,gmail.com,Missing,Missing,Missing,0
3462056,47.95,W,visa,debit,gmail.com,Missing,Missing,Missing,0
3462057,21.95,W,mastercard,debit,verizon.net,Missing,Missing,Missing,0
3462058,112.0,W,visa,debit,gmail.com,Missing,Missing,Missing,0
3462059,928.95,W,visa,debit,anonymous.com,Missing,Missing,Missing,0
3462060,57.95,W,mastercard,debit,gmail.com,Missing,Missing,Missing,0
3462061,49.0,W,mastercard,debit,gmail.com,Missing,Missing,Missing,0
3462062,6.886,C,visa,debit,anonymous.com,anonymous.com,desktop,Missing,0
3462063,17.214,C,visa,credit,gmail.com,gmail.com,desktop,Windows,0
3462064,29.0,W,visa,debit,Missing,Missing,Missing,Missing,0
3462065,144.95,W,mastercard,debit,gmail.com,Missing,Missing,Missing,0
3462066,59.0,W,visa,debit,gmail.com,Missing,Missing,Missing,0
3462067,35.95,W,visa,debit,Missing,Missing,Missing,Missing,0
3462068,29.95,W,visa,debit,gmail.com,Missing,Missing,Missing,0
3462069,59.0,W,mastercard,debit,yahoo.com,Missing,Missing,Missing,0
3462070,25.95,W,visa,debit,yahoo.com,Missing,Missing,Missing,0
3462071,179.95,W,mastercard,debit,gmail.com,Missing,Missing,Missing,0
3462072,49.0,W,mastercard,debit,gmail.com,Missing,Missing,Missing,0
3462073,117.0,W,mastercard,debit,Missing,Missing,Missing,Missing,0
3462074,30.95,W,visa,debit,yahoo.com,Missing,Missing,Missing,0
3462075,47.95,W,mastercard,debit,gmail.com,Missing,Missing,Missing,0
3462076,35.95,W,visa,debit,comcast.net,Missing,Missing,Missing,0
3462077,103.97,W,mastercard,credit,gmail.com,Missing,Missing,Missing,0
3462078,77.0,W,visa,debit,aol.com,Missing,Missing,Missing,0
3462079,117.0,W,visa,debit,yahoo.com,Missing,Missing,Missing,0
3462080,54.0,W,visa,debit,gmail.com,Missing,Missing,Missing,0
3462081,107.0,W,visa,debit,gmail.com,Missing,Missing,Missing,0
3462082,88.5,W,visa,debit,yahoo.com,Missing,Missing,Missing,0
3462083,107.95,W,visa,debit,gmail.com,Missing,Missing,Missing,0
3462084,59.0,W,visa,debit,gmail.com,Missing,Missing,Missing,0
3462085,77.0,W,visa,debit,gmail.com,Missing,Missing,Missing,0
3462086,49.0,W,mastercard,debit,gmail.com,Missing,Missing,Missing,0
3462087,117.0,W,visa,debit,gmail.com,Missing,Missing,Missing,0
3462088,445.0,W,mastercard,debit,aol.com,Missing,Missing,Missing,0
3462089,424.95,W,mastercard,debit,Missing,Missing,Missing,Missing,0
3462090,57.95,W,visa,debit,gmail.com,Missing,Missing,Missing,0
3462091,117.0,W,visa,debit,gmail.com,Missing,Missing,Missing,0
3462092,57.95,W,visa,debit,gmail.com,Missing,Missing,Missing,0
3462093,35.95,W,mastercard,debit,gmail.com,Missing,Missing,Missing,0
3462094,36.95,W,visa,debit,Missing,Missing,Missing,Missing,0
3462095,171.0,W,visa,debit,yahoo.com,Missing,Missing,Missing,0
3462096,92.0,W,visa,debit,Missing,Missing,Missing,Missing,0
3462097,87.95,W,visa,debit,yahoo.com,Missing,Missing,Missing,0
3462098,117.0,W,mastercard,debit,Missing,Missing,Missing,Missing,0
3462099,25.95,W,visa,debit,gmail.com,Missing,Missing,Missing,0
3462100,354.94,W,mastercard,debit,bellsouth.net,Missing,Missing,Missing,0
3462101,374.95,W,visa,credit,me.com,Missing,Missing,Missing,0
3462102,109.58,W,visa,debit,yahoo.com,Missing,Missing,Missing,0
3462103,39.0,W,visa,debit,gmail.com,Missing,Missing,Missing,0
3462104,108.5,W,visa,debit,yahoo.com,Missing,Missing,Missing,0
3462105,100.0,R,discover,credit,gmail.com,gmail.com,desktop,Trident/7.0,0
3462106,100.0,H,mastercard,debit,gmail.com,gmail.com,Missing,Missing,0
3462107,92.0,W,visa,debit,yahoo.com,Missing,Missing,Missing,0
3462108,100.0,H,mastercard,debit,gmail.com,gmail.com,Missing,Missing,0
3462109,47.95,W,visa,debit,gmail.com,Missing,Missing,Missing,0
3462110,117.0,W,visa,debit,gmail.com,Missing,Missing,Missing,0
3462111,335.0,W,visa,debit,anonymous.com,Missing,Missing,Missing,0
3462112,29.31,W,mastercard,debit,gmail.com,Missing,Missing,Missing,0
3462113,34.0,W,visa,debit,gmail.com,Missing,Missing,Missing,0
3462114,100.0,H,mastercard,debit,gmail.com,gmail.com,Missing,Missing,0
3462115,49.0,W,visa,debit,Missing,Missing,Missing,Missing,0
3462116,250.0,W,visa,debit,aol.com,Missing,Missing,Missing,0
3462117,47.95,W,visa,debit,gmail.com,Missing,Missing,Missing,0
3462118,77.0,W,mastercard,debit,gmail.com,Missing,Missing,Missing,0
3462119,26.31,W,mastercard,debit,gmail.com,Missing,Missing,Missing,0
3462120,30.95,W,mastercard,debit,Missing,Missing,Missing,Missing,0
3462121,107.95,W,visa,debit,Missing,Missing,Missing,Missing,0
3462122,24.31,W,mastercard,debit,gmail.com,Missing,Missing,Missing,0
3462123,51.95,W,visa,debit,aol.com,Missing,Missing,Missing,0
3462124,216.5,W,visa,debit,Missing,Missing,Missing,Missing,0
3462126,57.95,W,mastercard,debit,gmail.com,Missing,Missing,Missing,0
3462125,33.95,W,mastercard,debit,att.net,Missing,Missing,Missing,0
3462127,77.0,W,visa,debit,Missing,Missing,Missing,Missing,0
3462128,87.0,W,visa,debit,Missing,Missing,Missing,Missing,0
3462129,59.0,W,mastercard,debit,gmail.com,Missing,Missing,Missing,0
3462130,59.0,W,visa,debit,gmail.com,Missing,Missing,Missing,0
3462131,39.0,W,mastercard,debit,yahoo.com,Missing,Missing,Missing,0
3462132,296.95,W,mastercard,credit,gmail.com,Missing,Missing,Missing,0
3462133,335.0,W,visa,debit,Missing,Missing,Missing,Missing,0
3462134,115.0,W,visa,debit,yahoo.com,Missing,Missing,Missing,0
3462135,179.95,W,visa,credit,yahoo.com,Missing,Missing,Missing,0
3462136,29.0,W,visa,debit,Missing,Missing,Missing,Missing,0
3462137,44.0,W,visa,debit,Missing,Missing,Missing,Missing,0
3462138,59.0,W,visa,debit,gmail.com,Missing,Missing,Missing,0
3462139,117.0,W,visa,debit,gmail.com,Missing,Missing,Missing,0
3462140,92.0,W,visa,debit,Missing,Missing,Missing,Missing,0
3462141,75.0,H,visa,debit,yahoo.com,anonymous.com,mobile,iOS Device,0
3462142,105.0,W,visa,debit,gmail.com,Missing,Missing,Missing,0
3462143,30.95,W,visa,debit,yahoo.com,Missing,Missing,Missing,0
3462144,57.95,W,visa,debit,Missing,Missing,Missing,Missing,0
3462145,276.0,W,visa,debit,anonymous.com,Missing,Missing,Missing,0
3462146,29.0,W,mastercard,debit,gmail.com,Missing,Missing,Missing,0
3462147,39.0,W,mastercard,debit,yahoo.com,Missing,Missing,Missing,0
3462148,49.0,W,visa,credit,Missing,Missing,Missing,Missing,0
3462149,77.0,W,visa,debit,gmail.com,Missing,Missing,Missing,0
3462150,171.0,W,visa,debit,gmail.com,Missing,Missing,Missing,0
3462151,107.95,W,mastercard,debit,yahoo.com,Missing,Missing,Missing,0
3462153,92.0,W,visa,debit,yahoo.com,Missing,Missing,Missing,0
3462152,107.95,W,mastercard,debit,gmail.com,Missing,Missing,Missing,0
3462154,34.0,W,visa,debit,Missing,Missing,Missing,Missing,0
3462155,226.0,W,mastercard,debit,yahoo.com,Missing,Missing,Missing,0
3462156,59.0,W,mastercard,debit,gmail.com,Missing,Missing,Missing,0
3462157,34.0,W,visa,debit,Missing,Missing,Missing,Missing,0
3462158,59.0,W,visa,debit,gmail.com,Missing,Missing,Missing,0
3462159,209.95,W,mastercard,debit,gmail.com,Missing,Missing,Missing,0
3462160,108.95,W,visa,debit,gmail.com,Missing,Missing,Missing,0
3462161,77.0,W,mastercard,debit,Missing,Missing,Missing,Missing,0
3462162,117.0,W,visa,debit,gmail.com,Missing,Missing,Missing,0
3462163,659.99,W,discover,credit,comcast.net,Missing,Missing,Missing,0
3462164,171.0,W,mastercard,debit,yahoo.com,Missing,Missing,Missing,0
3462165,77.0,W,visa,debit,Missing,Missing,Missing,Missing,0
3462166,57.95,W,visa,credit,yahoo.com,Missing,Missing,Missing,0
3462167,59.0,W,visa,debit,gmail.com,Missing,Missing,Missing,0
3462168,659.99,W,visa,credit,comcast.net,Missing,Missing,Missing,0
3462169,115.0,W,visa,debit,gmail.com,Missing,Missing,Missing,0
3462170,59.0,W,visa,debit,Missing,Missing,Missing,Missing,0
3462171,100.0,R,visa,debit,gmail.com,gmail.com,mobile,iOS Device,0
3462172,59.0,W,mastercard,credit,yahoo.com,Missing,Missing,Missing,0
3462173,100.0,R,visa,debit,hotmail.com,icloud.com,mobile,iOS Device,0
3462174,659.99,W,visa,debit,comcast.net,Missing,Missing,Missing,0
3462175,35.95,W,visa,debit,gmail.com,Missing,Missing,Missing,0
3462176,49.0,W,visa,debit,Missing,Missing,Missing,Missing,0
3462177,107.95,W,visa,debit,gmail.com,Missing,Missing,Missing,0
3462178,100.0,R,mastercard,credit,hotmail.com,icloud.com,mobile,iOS Device,0
3462179,59.0,W,visa,debit,Missing,Missing,Missing,Missing,0
3462180,44.5,W,mastercard,debit,verizon.net,Missing,Missing,Missing,0
3462181,47.95,W,visa,debit,gmail.com,Missing,Missing,Missing,0
3462182,35.95,W,visa,debit,aol.com,Missing,Missing,Missing,0
3462183,525.0,W,visa,debit,yahoo.com,Missing,Missing,Missing,0
3462184,20.0,H,visa,debit,yahoo.com,Missing,mobile,Z982 Build/NMF26V,0
3462185,92.0,W,visa,credit,aol.com,Missing,Missing,Missing,0
3462186,59.0,W,visa,debit,gmail.com,Missing,Missing,Missing,0
3462187,26.805,C,mastercard,debit,hotmail.com,hotmail.com,desktop,Windows,0
3462188,30.95,W,visa,debit,aol.com,Missing,Missing,Missing,0
3462189,279.97,W,mastercard,credit,gmail.com,Missing,Missing,Missing,0
3462190,35.95,W,visa,debit,gmail.com,Missing,Missing,Missing,0
3462191,47.95,W,mastercard,debit,anonymous.com,Missing,Missing,Missing,0
3462192,59.0,W,visa,debit,gmail.com,Missing,Missing,Missing,0
3462193,20.95,W,visa,debit,gmail.com,Missing,Missing,Missing,0
3462194,520.26,W,visa,debit,gmail.com,Missing,Missing,Missing,0
3462195,35.95,W,visa,debit,gmail.com,Missing,Missing,Missing,0
3462196,30.95,W,mastercard,debit,gmail.com,Missing,Missing,Missing,0
3462197,59.0,W,visa,debit,gmail.com,Missing,Missing,Missing,0
3462198,54.5,W,visa,debit,gmail.com,Missing,Missing,Missing,0
3462199,57.95,W,visa,debit,Missing,Missing,Missing,Missing,0
3462200,520.26,W,visa,debit,gmail.com,Missing,Missing,Missing,0
3462201,57.95,W,visa,debit,Missing,Missing,Missing,Missing,0
3462202,235.0,W,mastercard,credit,gmail.com,Missing,Missing,Missing,0
3462203,25.95,W,mastercard,debit,yahoo.com,Missing,Missing,Missing,0
3462204,31.95,W,visa,debit,hotmail.com,Missing,Missing,Missing,0
3462205,29.0,W,visa,debit,Missing,Missing,Missing,Missing,0
3462206,117.0,W,visa,debit,hotmail.com,Missing,Missing,Missing,0
3462207,117.0,W,visa,debit,Missing,Missing,Missing,Missing,0
3462208,39.0,W,visa,debit,Missing,Missing,Missing,Missing,0
3462209,15.0,W,visa,debit,Missing,Missing,Missing,Missing,0
3462210,34.0,W,visa,debit,Missing,Missing,Missing,Missing,0
3462211,77.0,W,visa,debit,gmail.com,Missing,Missing,Missing,0
3462212,35.95,W,visa,debit,gmail.com,Missing,Missing,Missing,0
3462213,30.95,W,mastercard,debit,gmail.com,Missing,Missing,Missing,1
3462214,7.869,C,visa,debit,hotmail.com,hotmail.com,desktop,Windows,1
3462215,42.95,W,mastercard,debit,anonymous.com,Missing,Missing,Missing,1
3462216,159.95,W,mastercard,debit,Missing,Missing,Missing,Missing,1
3462217,117.0,W,visa,debit,ymail.com,Missing,Missing,Missing,1
3462218,117.0,W,visa,debit,gmail.com,Missing,Missing,Missing,1
3462219,103.97,W,visa,debit,gmail.com,Missing,Missing,Missing,1
3462220,57.95,W,visa,debit,gmail.com,Missing,Missing,Missing,1
3462221,180.95,W,visa,debit,Missing,Missing,Missing,Missing,1
3462222,86.994,C,visa,debit,hotmail.com,hotmail.com,desktop,Windows,1
3462223,26.95,W,mastercard,debit,Missing,Missing,Missing,Missing,1
3462224,87.95,W,mastercard,debit,icloud.com,Missing,Missing,Missing,1
3462225,117.0,W,visa,debit,gmail.com,Missing,Missing,Missing,1
3462226,50.0,H,mastercard,credit,gmail.com,gmail.com,mobile,iOS Device,1
3462227,335.0,W,mastercard,debit,gmail.com,Missing,Missing,Missing,1
3462228,25.95,W,visa,debit,gmail.com,Missing,Missing,Missing,1
3462229,107.95,W,visa,debit,gmail.com,Missing,Missing,Missing,1
3462230,54.5,W,visa,debit,gmail.com,Missing,Missing,Missing,1
3462231,57.95,W,mastercard,debit,anonymous.com,Missing,Missing,Missing,1
3462232,107.95,W,mastercard,debit,yahoo.com,Missing,Missing,Missing,1
3462233,83.0,W,visa,debit,yahoo.com,Missing,Missing,Missing,1
3462234,59.95,W,visa,debit,Missing,Missing,Missing,Missing,1
3462235,59.0,W,visa,debit,aol.com,Missing,Missing,Missing,1
3462236,100.0,R,visa,debit,yahoo.com,yahoo.com,desktop,rv:11.0,1
3462237,42.95,W,mastercard,debit,yahoo.com,Missing,Missing,Missing,1
3462238,80.0,W,mastercard,debit,juno.com,Missing,Missing,Missing,1
3462239,117.0,W,visa,debit,anonymous.com,Missing,Missing,Missing,1
3462240,166.99,W,visa,debit,aol.com,Missing,Missing,Missing,1
3462241,107.95,W,visa,debit,gmail.com,Missing,Missing,Missing,1
3462242,59.0,W,visa,debit,gmail.com,Missing,Missing,Missing,1
3462243,270.0,W,visa,debit,gmail.com,Missing,Missing,Missing,1
3462244,87.0,W,visa,debit,gmail.com,Missing,Missing,Missing,1
3462245,30.95,W,visa,debit,yahoo.com,Missing,Missing,Missing,1
3462246,59.0,W,visa,debit,sbcglobal.net,Missing,Missing,Missing,1
3462247,108.5,W,visa,debit,yahoo.com,Missing,Missing,Missing,1
3462248,280.0,W,mastercard,debit,gmail.com,Missing,Missing,Missing,1
3462249,310.0,W,visa,debit,gmail.com,Missing,Missing,Missing,1
3462250,39.0,W,visa,debit,gmail.com,Missing,Missing,Missing,1
3462251,21.702,C,visa,debit,anonymous.com,anonymous.com,mobile,Moto C Build/NRD90M.063,1
3462252,72.95,W,visa,debit,yahoo.com,Missing,Missing,Missing,1
3462253,52.95,W,mastercard,debit,anonymous.com,Missing,Missing,Missing,1
3462254,46.417,C,mastercard,debit,gmail.com,gmail.com,desktop,Windows,1
3462255,117.0,W,visa,debit,gmail.com,Missing,Missing,Missing,1
3462256,107.95,W,visa,credit,anonymous.com,Missing,Missing,Missing,1
3462257,24.0,W,visa,debit,gmail.com,Missing,Missing,Missing,1
3462258,47.95,W,visa,debit,gmail.com,Missing,Missing,Missing,1
3462259,29.0,W,mastercard,debit,Missing,Missing,Missing,Missing,1
3462260,107.95,W,mastercard,debit,aol.com,Missing,Missing,Missing,1
3462261,113.0,W,mastercard,debit,yahoo.com,Missing,Missing,Missing,1
3462262,644.0,W,mastercard,debit,aol.com,Missing,Missing,Missing,1
3462263,343.99,W,mastercard,debit,icloud.com,Missing,Missing,Missing,1
3462264,47.95,W,visa,debit,gmail.com,Missing,Missing,Missing,1
3462265,82.95,W,visa,debit,Missing,Missing,Missing,Missing,1
3462266,47.95,W,visa,debit,icloud.com,Missing,Missing,Missing,1
3462267,59.0,W,visa,debit,gmail.com,Missing,Missing,Missing,1
3462268,43.95,W,visa,debit,gmail.com,Missing,Missing,Missing,1
3462269,43.95,W,visa,debit,gmail.com,Missing,Missing,Missing,1
3462270,82.0,W,visa,debit,gmail.com,Missing,Missing,Missing,1
3462271,59.0,W,visa,debit,gmail.com,Missing,Missing,Missing,1
3462272,47.95,W,mastercard,debit,Missing,Missing,Missing,Missing,1
3462273,67.95,W,mastercard,debit,gmail.com,Missing,Missing,Missing,1
3462274,54.99,W,visa,debit,hotmail.com,Missing,Missing,Missing,1
3462275,35.95,W,visa,debit,yahoo.com,Missing,Missing,Missing,1
3462276,117.0,W,visa,debit,anonymous.com,Missing,Missing,Missing,1
3462277,160.95,W,mastercard,debit,Missing,Missing,Missing,Missing,1
3462278,57.95,W,visa,debit,gmail.com,Missing,Missing,Missing,1
3462279,107.95,W,visa,debit,gmail.com,Missing,Missing,Missing,1
3462280,554.0,W,visa,debit,gmail.com,Missing,Missing,Missing,1
3462281,150.0,R,visa,debit,comcast.net,gmail.com,mobile,iOS Device,1
3462282,200.0,R,visa,credit,ymail.com,gmail.com,mobile,A574BL Build/NMF26F,1
3462283,107.95,W,mastercard,debit,ymail.com,Missing,Missing,Missing,1
3462284,59.0,W,visa,debit,gmail.com,Missing,Missing,Missing,1
3462285,25.95,W,visa,debit,yahoo.com,Missing,Missing,Missing,1
3462286,34.0,W,visa,debit,gmail.com,Missing,Missing,Missing,1
3462287,171.0,W,mastercard,debit,gmail.com,Missing,Missing,Missing,1
3462288,32.707,C,visa,debit,gmail.com,gmail.com,mobile,LG-K410 Build/LRX22G,1
3462289,58.95,W,visa,debit,hotmail.com,Missing,Missing,Missing,1
3462290,25.95,W,visa,debit,yahoo.com,Missing,Missing,Missing,1
3462291,59.0,W,visa,debit,gmail.com,Missing,Missing,Missing,1
3462292,390.0,W,mastercard,debit,gmail.com,Missing,Missing,Missing,1
3462293,30.0,H,visa,debit,anonymous.com,Missing,mobile,iOS Device,1
3462294,335.0,W,mastercard,debit,gmail.com,Missing,Missing,Missing,1
3462295,200.0,R,visa,credit,aol.com,gmail.com,desktop,Windows,1
3462296,305.97,W,visa,debit,yahoo.com,Missing,Missing,Missing,1
3462297,125.0,R,visa,credit,gmail.com,gmail.com,desktop,Windows,1
3462298,105.95,W,visa,debit,yahoo.com,Missing,Missing,Missing,1
3462299,57.95,W,visa,debit,gmail.com,Missing,Missing,Missing,1
3462300,80.0,H,mastercard,debit,hotmail.com,Missing,desktop,Windows,1
3462301,117.0,W,visa,debit,aol.com,Missing,Missing,Missing,1
3462302,39.0,W,visa,debit,gmail.com,Missing,Missing,Missing,1
3462303,97.0,W,visa,debit,gmail.com,Missing,Missing,Missing,1
3462304,107.95,W,visa,debit,aol.com,Missing,Missing,Missing,1
3462305,108.95,W,visa,debit,hotmail.com,Missing,Missing,Missing,1
3462306,209.95,W,mastercard,credit,Missing,Missing,Missing,Missing,1
3462307,757.45,W,mastercard,credit,Missing,Missing,Missing,Missing,1
3462308,59.0,W,visa,debit,Missing,Missing,Missing,Missing,1
3462309,29.0,W,mastercard,debit,gmail.com,Missing,Missing,Missing,1
3462310,103.95,W,mastercard,debit,gmail.com,Missing,Missing,Missing,1
3462311,335.0,W,visa,debit,att.net,Missing,Missing,Missing,1
3462312,1052.0,W,visa,debit,gmail.com,Missing,Missing,Missing,1
3462313,125.0,R,visa,credit,gmail.com,gmail.com,desktop,Windows,1
3462314,88.95,W,visa,debit,gmail.com,Missing,Missing,Missing,1
3462315,100.0,R,visa,debit,anonymous.com,me.com,desktop,Windows,1
3462316,59.0,W,visa,debit,icloud.com,Missing,Missing,Missing,1
3462317,20.95,W,visa,debit,gmail.com,Missing,Missing,Missing,1
3462318,117.0,W,visa,debit,gmail.com,Missing,Missing,Missing,1
3462319,117.0,W,visa,debit,anonymous.com,Missing,Missing,Missing,1
3462320,59.0,W,visa,debit,icloud.com,Missing,Missing,Missing,1
3462321,57.95,W,mastercard,debit,gmail.com,Missing,Missing,Missing,1
3462322,105.285,C,visa,debit,aol.com,aol.com,desktop,Windows,1
3462323,100.0,R,visa,debit,gmail.com,aol.com,mobile,iOS Device,1
3462324,47.95,W,mastercard,debit,gmail.com,Missing,Missing,Missing,1
3462325,744.95,W,mastercard,credit,gmail.com,Missing,Missing,Missing,1
3462326,49.0,W,mastercard,debit,yahoo.com,Missing,Missing,Missing,1
3462327,226.0,W,visa,debit,Missing,Missing,Missing,Missing,1
3462328,34.0,W,visa,debit,Missing,Missing,Missing,Missing,1
3462329,47.95,W,visa,debit,hotmail.com,Missing,Missing,Missing,1
3462330,83.95,W,visa,debit,gmail.com,Missing,Missing,Missing,1
3462331,44.0,W,visa,debit,aol.com,Missing,Missing,Missing,1
3462332,108.95,W,visa,debit,Missing,Missing,Missing,Missing,1
3462333,117.0,W,visa,debit,hotmail.com,Missing,Missing,Missing,1
3462334,49.0,W,mastercard,debit,Missing,Missing,Missing,Missing,1
3462335,57.95,W,visa,debit,gmail.com,Missing,Missing,Missing,1
3462336,54.5,W,mastercard,credit,gmail.com,Missing,Missing,Missing,1
3462337,204.97,W,visa,debit,yahoo.com,Missing,Missing,Missing,1
3462338,88.97,W,visa,debit,gmail.com,Missing,Missing,Missing,2
3462339,59.0,W,visa,debit,gmail.com,Missing,Missing,Missing,2
3462340,59.0,W,visa,credit,gmail.com,Missing,Missing,Missing,2
3462341,125.0,R,visa,credit,gmail.com,gmail.com,desktop,Windows,2
3462342,125.0,R,mastercard,debit,gmail.com,gmail.com,desktop,Windows,2
3462343,129.95,W,visa,credit,Missing,Missing,Missing,Missing,2
3462344,59.0,W,visa,debit,gmail.com,Missing,Missing,Missing,2
3462345,52.5,W,visa,debit,gmail.com,Missing,Missing,Missing,2
3462346,994.0,W,mastercard,credit,gmail.com,Missing,Missing,Missing,2
3462347,29.818,C,visa,debit,hotmail.com,hotmail.com,mobile,SM-G930F Build/NRD90M,2
3462348,117.0,W,visa,debit,Missing,Missing,Missing,Missing,2
3462349,117.0,W,visa,debit,Missing,Missing,Missing,Missing,2
3462350,22.97,W,visa,debit,outlook.com,Missing,Missing,Missing,2
3462351,40.0,S,visa,debit,Missing,outlook.com,desktop,Missing,2
3462352,75.0,S,discover,credit,Missing,yahoo.com,mobile,Missing,2
3462353,117.0,W,visa,debit,gmail.com,Missing,Missing,Missing,2
3462354,42.95,W,visa,debit,Missing,Missing,Missing,Missing,2
3462355,12.726,C,mastercard,debit,gmail.com,gmail.com,mobile,WAS-LX3 Build/HUAWEIWAS-LX3,2
3462356,40.0,W,visa,debit,gmail.com,Missing,Missing,Missing,2
3462357,77.95,W,visa,debit,yahoo.com,Missing,Missing,Missing,2
3462358,87.0,W,visa,debit,yahoo.com,Missing,Missing,Missing,2
3462359,67.95,W,mastercard,debit,gmail.com,Missing,Missing,Missing,2
3462360,57.95,W,mastercard,debit,gmail.com,Missing,Missing,Missing,2
3462361,23.47,W,visa,debit,yahoo.com,Missing,Missing,Missing,2
3462362,179.95,W,mastercard,debit,Missing,Missing,Missing,Missing,2
3462363,44.0,W,visa,credit,cableone.net,Missing,Missing,Missing,2
3462364,150.0,R,visa,credit,gmail.com,gmail.com,desktop,Windows,2
3462365,108.5,W,mastercard,debit,gmail.com,Missing,Missing,Missing,2
3462366,271.95,W,visa,debit,outlook.com,Missing,Missing,Missing,2
3462367,24.5,W,visa,debit,gmail.com,Missing,Missing,Missing,2
3462368,57.95,W,visa,debit,yahoo.com,Missing,Missing,Missing,2
3462369,200.0,R,visa,credit,anonymous.com,gmail.com,mobile,iOS Device,2
3462370,30.95,W,visa,debit,Missing,Missing,Missing,Missing,2
3462371,311.95,W,visa,debit,ymail.com,Missing,Missing,Missing,2
3462372,774.0,W,visa,debit,msn.com,Missing,Missing,Missing,2
3462373,19.551,C,visa,debit,gmail.com,gmail.com,mobile,RNE-L03 Build/HUAWEIRNE-L03,2
3462374,100.0,R,visa,credit,bellsouth.net,aol.com,desktop,Windows,2
3462375,524.95,W,mastercard,debit,gmail.com,Missing,Missing,Missing,2
3462376,107.95,W,mastercard,debit,Missing,Missing,Missing,Missing,2
3462377,57.95,W,mastercard,debit,yahoo.com,Missing,Missing,Missing,2
3462378,44.23,W,mastercard,debit,yahoo.com,Missing,Missing,Missing,2
3462379,47.95,W,visa,debit,gmail.com,Missing,Missing,Missing,2
3462380,73.0,W,visa,debit,yahoo.com,Missing,Missing,Missing,2
3462381,57.95,W,mastercard,debit,yahoo.com,Missing,Missing,Missing,2
3462382,35.95,W,visa,debit,Missing,Missing,Missing,Missing,2
3462383,2197.29,W,visa,credit,yahoo.com,Missing,Missing,Missing,2
3462384,18.936,C,mastercard,credit,anonymous.com,anonymous.com,mobile,BND-L34,2
3462385,2244.77,W,visa,credit,yahoo.com,Missing,Missing,Missing,2
3462386,108.95,W,visa,debit,Missing,Missing,Missing,Missing,2
3462387,29.0,W,visa,debit,gmail.com,Missing,Missing,Missing,2
3462388,31.95,W,visa,debit,gmail.com,Missing,Missing,Missing,2
3462389,59.0,W,mastercard,debit,gmail.com,Missing,Missing,Missing,2
3462390,26.95,W,visa,debit,Missing,Missing,Missing,Missing,2
3462391,59.0,W,mastercard,debit,Missing,Missing,Missing,Missing,2
3462392,117.0,W,mastercard,debit,Missing,Missing,Missing,Missing,2
3462393,57.95,W,visa,debit,yahoo.com,Missing,Missing,Missing,2
3462394,25.95,W,visa,debit,Missing,Missing,Missing,Missing,2
3462395,117.0,W,visa,debit,yahoo.com,Missing,Missing,Missing,2
3462396,511.95,W,mastercard,debit,Missing,Missing,Missing,Missing,2
3462397,59.0,W,visa,debit,Missing,Missing,Missing,Missing,2
3462398,117.0,W,visa,debit,yahoo.com,Missing,Missing,Missing,2
3462399,171.0,W,visa,debit,yahoo.com,Missing,Missing,Missing,2
3462400,81.95,W,visa,debit,gmail.com,Missing,Missing,Missing,2
3462401,47.032,C,visa,credit,hotmail.com,hotmail.com,mobile,Missing,2
3462402,47.032,C,visa,credit,hotmail.com,hotmail.com,mobile,Missing,2
3462403,39.0,W,visa,debit,yahoo.com,Missing,Missing,Missing,2
3462404,36.458,C,visa,debit,hotmail.com,hotmail.com,mobile,Missing,2
3462405,42.95,W,visa,debit,icloud.com,Missing,Missing,Missing,2
3462406,63.97,W,visa,debit,Missing,Missing,Missing,Missing,2
3462407,59.0,W,mastercard,debit,Missing,Missing,Missing,Missing,2
3462408,59.0,W,visa,credit,Missing,Missing,Missing,Missing,2
3462409,109.0,W,mastercard,debit,att.net,Missing,Missing,Missing,2
3462410,59.0,W,visa,debit,yahoo.com,Missing,Missing,Missing,2
3462411,47.032,C,visa,debit,gmail.com,gmail.com,mobile,Missing,2
3462412,15.985,C,mastercard,debit,hotmail.com,hotmail.com,desktop,Missing,2
3462413,6.763,C,mastercard,credit,hotmail.com,hotmail.com,desktop,Windows,2
3462414,53.95,W,visa,debit,yahoo.com,Missing,Missing,Missing,2
3462415,57.95,W,visa,debit,gmail.com,Missing,Missing,Missing,2
3462416,29.0,W,mastercard,credit,aol.com,Missing,Missing,Missing,2
3462417,29.0,W,mastercard,credit,aol.com,Missing,Missing,Missing,2
3462418,57.95,W,visa,debit,gmail.com,Missing,Missing,Missing,2
3462419,57.95,W,visa,debit,gmail.com,Missing,Missing,Missing,2
3462420,49.0,W,visa,debit,gmail.com,Missing,Missing,Missing,2
3462421,34.798,C,mastercard,credit,gmail.com,gmail.com,mobile,Missing,2
3462422,54.0,W,visa,debit,Missing,Missing,Missing,Missing,2
3462423,107.95,W,visa,credit,Missing,Missing,Missing,Missing,2
3462424,17.214,C,visa,debit,hotmail.com,hotmail.com,mobile,Missing,2
3462425,50.0,H,discover,credit,gmail.com,gmail.com,mobile,iOS Device,2
3462426,100.0,R,visa,debit,gmail.com,gmail.com,desktop,MacOS,2
3462427,209.95,W,visa,debit,Missing,Missing,Missing,Missing,2
3462428,300.0,H,mastercard,credit,anonymous.com,gmail.com,mobile,SAMSUNG SM-N950U1 Build/R16NW,2
3462429,29.264,C,mastercard,credit,hotmail.com,hotmail.com,desktop,Windows,2
3462430,129.95,W,visa,debit,yahoo.com,Missing,Missing,Missing,2
3462431,54.5,W,mastercard,debit,yahoo.com,Missing,Missing,Missing,2
